fbGroup, lat, lon 
Western MA Noise, 42.335735, -72.671303, 2014-11-23T20:00:00-0500 
Western MA Noise, 40.7581983882, -73.9887857869, 2014-11-22T17:00:00-0500 
Western MA Noise, 42.3263404337, -72.5254933046, 2014-12-05T21:00:00-0500 
Western MA Noise, 42.335735, -72.671303, 2014-11-21T21:00:00-0500 
Western MA Noise, 42.359523869, -72.5535882957, 2014-11-23T20:00:00-0500 
Western MA Noise, 42.335735, -72.671303, 2014-11-15T20:00:00-0500 
Western MA Noise, 42.335735, -72.671303, 2014-11-23T20:00:00-0500 
Western MA Noise, 42.2712825404, -72.6720969378, 2014-11-06T20:00:00-0500 
Western MA Noise, 42.335735, -72.671303, 2014-11-07T20:45:00-0500 
Western MA Noise, 42.389421459, -72.5333337343, 2014-11-11T19:30:00-0500 
Western MA Noise, 42.335735, -72.671303, 2014-11-23T20:00:00-0500 
Western MA Noise, 42.1430507174, -72.2844705305, 2014-11-07T20:30:00-0500 
Western MA Noise, 42.342716, -72.595917, 2014-11-12T20:30:00-0500 
Western MA Noise, 42.378292, -72.520531, 2014-11-06T18:30:00-0500 
Western MA Noise, 42.2722544465, -72.6644498433, 2014-10-28T19:00:00-0400 
Western MA Noise, 42.335735, -72.671303, 2014-11-15T20:00:00-0500 
Western MA Noise, 42.3356, -72.6722, 2014-11-17T20:00:00-0500 
Western MA Noise, 42.3648677305, -71.1002214554, 2014-10-26T11:00:00-0400 
Western MA Noise, 42.359523869, -72.5535882957, 2014-10-24T21:00:00-0400 
Western MA Noise, 42.377365, -72.519724, 2014-10-28T19:45:00-0400 
Western MA Noise, 42.2712825404, -72.6720969378, 2014-10-28T20:05:00-0400 
Western MA Noise, 42.2712825404, -72.6720969378, 2014-11-06T20:00:00-0500 
Western MA Noise, 42.2712825404, -72.6720969378, 2014-10-19T10:00:00-0400 
Western MA Noise, 42.337968, -72.616019, 2014-10-16T20:30:00-0400 
Western MA Noise, 33.2346868555, 130.089659805, 2014-10-11T20:00:00+0900 
Western MA Noise, 42.318277, -72.627632, 2014-10-11T21:00:00-0400 
Western MA Noise, 42.335735, -72.671303, 2014-10-10T21:00:00-0400 
Western MA Noise, 42.318277, -72.627632, 2014-10-11T21:00:00-0400 
Western MA Noise, 42.2712825404, -72.6720969378, 2014-10-14T20:00:00-0400 
Western MA Noise, 42.359523869, -72.5535882957, 2014-10-13T20:00:00-0400 
Western MA Noise, 42.335735, -72.671303, 2014-10-02T21:00:00-0400 
Western MA Noise, 42.2712825404, -72.6720969378, 2014-09-26T20:00:00-0400 
Western MA Noise, 42.359523869, -72.5535882957, 2014-10-24T21:00:00-0400 
Western MA Noise, 42.335735, -72.671303, 2014-10-10T21:00:00-0400 
Western MA Noise, 42.318277, -72.627632, 2014-09-18T21:30:00-0400 
Western MA Noise, 42.2712825404, -72.6720969378, 2014-09-11T19:30:00-0400 
Western MA Noise, 42.587939, -72.601523, 2014-09-05T18:00:00-0400 
Western MA Noise, 42.2712825404, -72.6720969378, 2014-09-11T19:30:00-0400 
Western MA Noise, 42.318277, -72.627632, 2014-09-18T21:30:00-0400 
Western MA Noise, 42.2712825404, -72.6720969378, 2014-08-28T20:00:00-0400 
Western MA Noise, 42.335735, -72.671303, 2014-08-23T21:00:00-0400 
Western MA Noise, 42.3833333333, -72.5166666667, 2014-08-23T20:30:00-0400 
Western MA Noise, 42.2712825404, -72.6720969378, 2014-08-17T20:00:00-0400 
Western MA Noise, 42.2712825404, -72.6720969378, 2014-08-07T19:20:00-0400 
Western MA Noise, 42.588398, -72.600176, 2014-07-31T19:30:00-0400 
Western MA Noise, 42.335735, -72.671303, 2014-07-25T22:00:00-0400 
Western MA Noise, 42.2712825404, -72.6720969378, 2014-07-26T20:00:00-0400 
Western MA Noise, 42.6358808712, -71.3172419615, 2014-07-19T20:00:00-0400 
Western MA Noise, 42.335735, -72.671303, 2014-07-17T20:00:00-0400 
Western MA Noise, 42.335735, -72.671303, 2014-07-28T20:00:00-0400 
Western MA Noise, 42.335735, -72.671303, 2014-07-27T20:00:00-0400 
Western MA Noise, 42.2712825404, -72.6720969378, 2014-07-12T17:30:00-0400 
Western MA Noise, 42.7711868408, -71.0879496715, 2014-07-11T17:30:00-0400 
Western MA Noise, 42.312182, -72.458513, 2014-07-12T14:00:00-0400 
Western MA Noise, 42.335735, -72.671303, 2014-07-25T22:00:00-0400 
Western MA Noise, 42.3760318443, -72.5205831421, 2014-06-28T20:30:00-0400 
Western MA Noise, 42.2712825404, -72.6720969378, 2014-06-25T19:00:00-0400 
Western MA Noise, 42.2712825404, -72.6720969378, 2014-06-25T19:00:00-0400 
Western MA Noise, 42.6042, -72.5569, 2014-07-31T19:00:00-0400 
Western MA Noise, 42.3218153364, -72.631940172, 2014-06-18T20:00:00-0400 
Western MA Noise, 42.2712825404, -72.6720969378, 2014-06-20T19:00:00-0400 
Western MA Noise, 42.6077889711, -72.5562966227, 2014-06-14T21:00:00-0400 
Western MA Noise, 42.27338, -72.661018, 2014-06-14T19:30:00-0400 
Western MA Noise, 42.2712825404, -72.6720969378, 2014-06-25T19:00:00-0400 
Western MA Noise, 42.6358808712, -71.3172419615, 2014-05-30T20:00:00-0400 
Western MA Noise, 42.2712825404, -72.6720969378, 2014-05-30T18:30:00-0500 
Western MA Noise, 42.2712825404, -72.6720969378, 2014-06-03T19:45:00-0400 
Western MA Noise, 42.608475, -72.557861, 2014-05-25T19:00:00-0400 
Western MA Noise, 42.2712825404, -72.6720969378, 2014-05-22T19:30:00-0400 
Western MA Noise, 42.2712825404, -72.6720969378, 2014-05-21T19:00:00-0400 
Western MA Noise, 42.3417, -72.5889, 2014-05-11 
Western MA Noise, 42.3193167093, -72.6278914073, 2014-05-08T22:00:00-0400 
Western MA Noise, 42.2060201965, -72.606524159, 2014-05-10T10:00:00-0400 
Western MA Noise, 42.3760318443, -72.5205831421, 2014-06-28T20:30:00-0400 
Western MA Noise, 42.2769, -72.4014, 2014-05-04T19:00:00-0400 
Western MA Noise, 42.2712825404, -72.6720969378, 2014-05-01T19:30:00-0400 
Western MA Noise, 42.2712825404, -72.6720969378, 2014-04-20T16:00:00-0400 
Western MA Noise, 42.3231883112, -72.5295668788, 2014-04-20T18:00:00-0400 
Western MA Noise, 42.5378619152, -72.5372509116, 2014-04-16T20:00:00-0400 
Western MA Noise, 42.6077889711, -72.5562966227, 2014-04-18T21:30:00-0400 
Western MA Noise, 42.312182, -72.458513, 2014-04-12 
Western MA Noise, 42.3218153364, -72.631940172, 2014-04-13T21:00:00-0400 
Western MA Noise, 42.2712825404, -72.6720969378, 2014-04-21T20:30:00-0400 
Western MA Noise, 42.2712825404, -72.6720969378, 2014-04-15T20:30:00-0400 
Western MA Noise, 42.3417, -72.5889, 2014-04-10T21:00:00-0400 
Western MA Noise, 42.3736395046, -71.1000108605, 2014-04-08T21:00:00-0400 
Western MA Noise, 42.312182, -72.458513, 2014-04-12 
Western MA Noise, 42.2712825404, -72.6720969378, 2014-05-01T19:30:00-0400 
Western MA Noise, 42.2712825404, -72.6720969378, 2014-04-05T19:00:00-0400 
Western MA Noise, 42.1849328234, -72.6258348104, 2014-03-28T19:00:00-0500 
Western MA Noise, 42.318798, -72.630257, 2014-03-27T18:00:00-0400 
Western MA Noise, 42.587939, -72.601523, 2014-03-26T19:00:00-0400 
Western MA Noise, 42.2712825404, -72.6720969378, 2014-03-23 
Western MA Noise, 42.6358808712, -71.3172419615, 2014-03-23T18:00:00-0400 
Western MA Noise, 42.6042, -72.5569, 2014-03-22T20:00:00-0400 
Western MA Noise, 42.2712825404, -72.6720969378, 2014-03-23 
Western MA Noise, 42.6358808712, -71.3172419615, 2014-03-22T20:00:00-0400 
Western MA Noise, 42.1578995206, -72.3307713078, 2014-03-28T21:00:00-0400 
Western MA Noise, 42.34269, -72.593307, 2014-03-25T19:00:00-0400 
Western MA Noise, 42.3218153364, -72.631940172, 2014-03-16T21:30:00-0400 
Western MA Noise, 42.3218153364, -72.631940172, 2014-03-01T21:00:00-0500 
Western MA Noise, 42.2712825404, -72.6720969378, 2014-02-22T19:00:00-0500 
Western MA Noise, 42.3263404337, -72.5254933046, 2014-02-01T21:00:00-0500 
Western MA Noise, 42.3218153364, -72.631940172, 2014-03-01T21:00:00-0500 
Western MA Noise, 42.3263404337, -72.5254933046, 2014-02-01T21:00:00-0500 
Western MA Noise, 42.3145747452, -72.6352865972, 2014-01-18T20:00:00-0500 
Western MA Noise, 42.2712825404, -72.6720969378, 2014-01-17T20:00:00-0500 
Western MA Noise, 42.3218153364, -72.631940172, 2014-01-06T21:30:00-0500 
Western MA Noise, 42.3218153364, -72.631940172, 2014-01-05T19:00:00-0500 
Western MA Noise, 42.312182, -72.458513, 2014-01-05T20:00:00-0500 
Western MA Noise, 42.3193167093, -72.6278914073, 2014-01-09T21:00:00-0500 
Western MA Noise, 42.6358808712, -71.3172419615, 2013-12-31T18:00:00-0500 
Western MA Noise, 42.312182, -72.458513, 2014-01-05T20:00:00-0500 
Western MA Noise, 42.2649249835, -72.667204919, 2013-12-18T21:00:00-0500 
Western MA Noise, 42.3218153364, -72.631940172, 2013-12-14T21:30:00-0500 
Western MA Noise, 42.3238256374, -73.1421137071, 2013-12-20T20:00:00-0500 
Western MA Noise, 42.2649249835, -72.667204919, 2013-12-18T21:00:00-0500 
Western MA Noise, 42.2042, -72.6167, 2013-11-30T19:00:00-0500 
Western MA Noise, 42.2712825404, -72.6720969378, 2013-12-06T20:00:00-0500 
Western MA Noise, 42.2712825404, -72.6720969378, 2013-12-03T19:00:00-0500 
Western MA Noise, 42.3263404337, -72.5254933046, 2013-11-26T21:00:00-0500 
Western MA Noise, 42.2649249835, -72.667204919, 2013-11-20T21:00:00-0500 
Western MA Noise, 42.2712825404, -72.6720969378, 2013-11-22T19:45:00-0500 
Western MA Noise, 42.2712825404, -72.6720969378, 2013-11-22T19:45:00-0500 
Western MA Noise, 42.2712825404, -72.6720969378, 2013-11-22T19:45:00-0500 
Western MA Noise, 42.2042, -72.6167, 2013-11-30T19:00:00-0500 
Western MA Noise, 42.312182, -72.458513, 2013-11-10T20:00:00-0500 
Western MA Noise, 42.312182, -72.458513, 2013-11-10T20:00:00-0500 
Western MA Noise, 42.3263404337, -72.5254933046, 2013-10-31T20:00:00-0400 
Western MA Noise, 42.2712825404, -72.6720969378, 2013-10-22T20:00:00-0400 
Western MA Noise, 42.3263404337, -72.5254933046, 2013-10-31T20:00:00-0400 
Western MA Noise, 42.2712825404, -72.6720969378, 2013-10-08T19:30:00-0400 
Western MA Noise, 42.312182, -72.458513, 2013-10-06T20:00:00-0400 
Western MA Noise, 42.3193167093, -72.6278914073, 2013-09-19T21:45:00-0400 
Western MA Noise, 42.3193167093, -72.6278914073, 2013-09-19T21:45:00-0400 
Western MA Noise, 42.3193167093, -72.6278914073, 2013-09-19T21:45:00-0400 
Western MA Noise, 42.3772366689, -72.5200542293, 2013-09-19T19:05:00-0400 
Western MA Noise, 42.2712825404, -72.6720969378, 2013-09-17T20:00:00-0400 
Western MA Noise, 42.2712825404, -72.6720969378, 2013-09-12T19:00:00-0400 
Western MA Noise, 42.312182, -72.458513, 2013-08-31T20:00:00-0400 
Western MA Noise, 42.31766, -72.632473, 2013-08-27T16:00:00-0400 
Western MA Noise, 42.333961, -72.580757, 2013-08-26T19:00:00-0400 
Western MA Noise, 42.2712825404, -72.6720969378, 2013-08-24T19:00:00-0400 
Western MA Noise, 42.312182, -72.458513, 2013-08-31T20:00:00-0400 
Western MA Noise, 42.2712825404, -72.6720969378, 2013-08-23T19:00:00-0400 
Western MA Noise, 42.3181411065, -72.6307309923, 2013-08-16T17:00:00-0400 
Western MA Noise, 42.34269, -72.593307, 2013-08-19T20:00:00-0400 
Western MA Noise, 42.333961, -72.580757, 2013-08-26T19:00:00-0400 
Western MA Noise, 42.3074439329, -72.4329543413, 2013-08-10 
Western MA Noise, 42.3254949879, -72.6553292014, 2013-08-05T19:25:00-0400 
Western MA Noise, 42.333961, -72.580757, 2013-07-26T20:00:00-0400 
Western MA Noise, 42.3218153364, -72.631940172, 2013-07-26T21:30:00-0400 
Western MA Noise, 42.312182, -72.458513, 2013-08-02 
Western MA Noise, 42.3218153364, -72.631940172, 2013-08-12T22:00:00-0400 
Western MA Noise, 42.333961, -72.580757, 2013-07-21T20:00:00-0400 
Western MA Noise, 42.3367758855, -71.1515868566, 2013-07-12T20:00:00-0400 
Western MA Noise, 42.3218153364, -72.631940172, 2013-07-01T21:00:00-0400 
Western MA Noise, 42.3193167093, -72.6278914073, 2013-06-27T22:00:00-0400 
Western MA Noise, 42.499737, -72.331261, 2013-06-21T20:00:00-0400 
Western MA Noise, 42.2712825404, -72.6720969378, 2013-08-17T19:00:00-0400 
Western MA Noise, 42.2712825404, -72.6720969378, 2013-06-15T19:30:00-0400 
Western MA Noise, 42.3193167093, -72.6278914073, 2013-07-18T22:00:00-0400 
Western MA Noise, 42.5378619152, -72.5372509116, 2013-06-06T19:30:00-0400 
Western MA Noise, 42.2712825404, -72.6720969378, 2013-05-10T19:00:00-0400 
Western MA Noise, 42.2712825404, -72.6720969378, 2013-05-10T19:00:00-0400 
Western MA Noise, 42.2712825404, -72.6720969378, 2013-05-10T19:00:00-0400 
Western MA Noise, 42.2712825404, -72.6720969378, 2013-04-13T20:00:00-0400 
Western MA Noise, 42.2712825404, -72.6720969378, 2013-04-13T17:00:00-0400 
Western MA Noise, 42.2712825404, -72.6720969378, 2013-04-09T20:00:00-0400 
Western MA Noise, 42.2712825404, -72.6720969378, 2013-04-09T20:00:00-0400 
Western MA Noise, 42.2712825404, -72.6720969378, 2013-04-05T19:00:00-0400 
Western MA Noise, 42.3193167093, -72.6278914073, 2013-04-04T22:00:00-0400 
Western MA Noise, 42.2712825404, -72.6720969378, 2013-03-29T20:00:00-0400 
Western MA Noise, 42.2712825404, -72.6720969378, 2013-03-22T20:00:00-0400 
Western MA Noise, 42.3193167093, -72.6278914073, 2013-03-21T22:00:00-0400 
Western MA Noise, 42.2712825404, -72.6720969378, 2013-03-22T20:00:00-0400 
Western MA Noise, 42.2712825404, -72.6720969378, 2013-04-05T19:00:00-0400 
Western MA Noise, 42.3772366689, -72.5200542293, 2013-04-26T17:30:00-0400 
Western MA Noise, 42.2712825404, -72.6720969378, 2013-03-23T19:00:00-0400 
Western MA Noise, 42.2712825404, -72.6720969378, 2013-03-29T20:00:00-0400 
Western MA Noise, 42.3193167093, -72.6278914073, 2013-03-07T22:00:00-0500 
Western MA Noise, 42.2712825404, -72.6720969378, 2013-03-09T17:00:00-0500 
Western MA Noise, 42.2712825404, -72.6720969378, 2013-03-22T20:00:00-0400 
Western MA Noise, 42.2712825404, -72.6720969378, 2013-02-01T20:00:00-0500 
Western MA Noise, 42.3193167093, -72.6278914073, 2013-03-21T22:00:00-0400 
Western MA Noise, 42.2712825404, -72.6720969378, 2013-02-01T20:00:00-0500 
Western MA Noise, 42.3193167093, -72.6278914073, 2013-01-24T22:00:00-0500 
Western MA Noise, 42.3193167093, -72.6278914073, 2013-01-31T22:00:00-0500 
Western MA Noise, 42.2712825404, -72.6720969378, 2013-01-07T20:00:00-0500 
Western MA Noise, 42.3218153364, -72.631940172, 2013-01-05T21:30:00-0500 
Western MA Noise, 42.3218153364, -72.631940172, 2013-01-01T21:00:00-0500 
Western MA Noise, 42.3218153364, -72.631940172, 2013-01-05T21:30:00-0500 
Western MA Noise, 42.3348688422, -72.6536148095, 2012-12-23T19:00:00-0500 
Western MA Noise, 42.3218153364, -72.631940172, 2013-01-05T21:30:00-0500 
Western MA Noise, 42.3193167093, -72.6278914073, 2013-01-03T22:00:00-0500 
Western MA Noise, 42.3193167093, -72.6278914073, 2013-01-24T22:00:00-0500 
Western MA Noise, 42.3193167093, -72.6278914073, 2013-01-10T22:00:00-0500 
Western MA Noise, 42.2712825404, -72.6720969378, 2013-01-07T20:00:00-0500 
Western MA Noise, 42.3218153364, -72.631940172, 2012-11-19T22:00:00-0500 
Western MA Noise, 42.2712825404, -72.6720969378, 2012-11-09T20:00:00-0500 
Western MA Noise, 42.3254949879, -72.6553292014, 2012-11-02T20:00:00-0400 
Western MA Noise, 42.6543588244, -73.7658270534, 2012-10-30T19:00:00-0400 
Western MA Noise, 42.2712825404, -72.6720969378, 2012-10-20T20:00:00-0400 
Western MA Noise, 42.2712825404, -72.6720969378, 2012-10-20T20:00:00-0400 
Western MA Noise, 42.2712825404, -72.6720969378, 2012-10-19T20:00:00-0400 
Western MA Noise, 42.2712825404, -72.6720969378, 2012-10-20T20:00:00-0400 
Western MA Noise, 42.2712825404, -72.6720969378, 2012-10-13T19:00:00-0400 
Western MA Noise, 42.3218153364, -72.631940172, 2012-10-06T21:30:00-0400 
Western MA Noise, 42.3263404337, -72.5254933046, 2012-10-02T20:00:00-0400 
Western MA Noise, 42.2712825404, -72.6720969378, 2012-11-09T20:00:00-0500 
Western MA Noise, 42.3263404337, -72.5254933046, 2012-10-02T20:00:00-0400 
Western MA Noise, 42.2712825404, -72.6720969378, 2012-10-04T19:00:00-0400 
Western MA Noise, 42.2712825404, -72.6720969378, 2012-09-21T20:00:00-0400 
Western MA Noise, 42.3218153364, -72.631940172, 2012-09-08T21:00:00-0400 
Western MA Noise, 42.587939, -72.601523, 2012-09-06T20:00:00-0400 
Western MA Noise, 42.2712825404, -72.6720969378, 2012-09-09T18:30:00-0400 
Western MA Noise, 42.2712825404, -72.6720969378, 2012-09-09T18:30:00-0400 
Western MA Noise, 42.335164828, -72.6732517338, 2012-09-02T20:30:00-0400 
Western MA Noise, 42.2712825404, -72.6720969378, 2012-09-01T19:30:00-0400 
Western MA Noise, 42.2712825404, -72.6720969378, 2012-09-07T19:00:00-0400 
Western MA Noise, 42.3218153364, -72.631940172, 2012-09-15T21:00:00-0400 
Western MA Noise, 42.335164828, -72.6732517338, 2012-09-02T20:30:00-0400 
Western MA Noise, 42.2712825404, -72.6720969378, 2012-09-01T19:30:00-0400 
Western MA Noise, 42.2712825404, -72.6720969378, 2012-08-07T20:00:00-0400 
Western MA Noise, 42.3120810609, -72.6347061085, 2012-08-04T14:00:00-0400 
Western MA Noise, 42.2712825404, -72.6720969378, 2012-07-06T20:00:00-0400 
Western MA Noise, 42.2712825404, -72.6720969378, 2012-06-27T20:00:00-0400 
Western MA Noise, 42.3193167093, -72.6278914073, 2012-06-28T22:00:00-0400 
Western MA Noise, 42.2712825404, -72.6720969378, 2012-06-17T19:00:00-0400 
Western MA Noise, 42.2712825404, -72.6720969378, 2012-06-29T19:00:00-0400 
Western MA Noise, 42.2712825404, -72.6720969378, 2012-06-27T20:00:00-0400 
Western MA Noise, 42.587939, -72.601523, 2012-06-10T16:00:00-0400 
Western MA Noise, 42.3218153364, -72.631940172, 2012-06-02T22:15:00-0400 
Western MA Noise, 42.3193167093, -72.6278914073, 2012-06-07T21:30:00-0400 
Western MA Noise, 42.2712825404, -72.6720969378, 2012-05-22T20:00:00-0400 
Western MA Noise, 42.2712825404, -72.6720969378, 2012-05-22T20:00:00-0400 
Western MA Noise, 42.3120810609, -72.6347061085, 2012-05-03T19:00:00-0400 
Western MA Noise, 42.3120810609, -72.6347061085, 2012-05-03T19:00:00-0400 
Western MA Noise, 42.2712825404, -72.6720969378, 2012-05-08T20:00:00-0400 
Western MA Noise, 42.2712825404, -72.6720969378, 2012-05-08T20:00:00-0400 
Western MA Noise, 42.2712825404, -72.6720969378, 2012-05-12T20:00:00-0400 
Western MA Noise, 42.3837332546, -72.5306239167, 2012-04-07T20:00:00-0400 
Western MA Noise, 42.2712825404, -72.6720969378, 2012-03-08T20:00:00-0500 
Western MA Noise, 42.2712825404, -72.6720969378, 2012-03-08T20:00:00-0500 
Western MA Noise, 42.2712825404, -72.6720969378, 2012-03-08T20:00:00-0500 
Boston Hassle, 42.3063480898, -71.1076025885, 2014-11-26T20:00:00-0500 
Boston Hassle, 42.3063498826, -71.1075636012, 2014-11-28T21:00:00-0500 
Boston Hassle, 42.3955319824, -71.1219198713, 2014-11-30T20:00:00-0500 
Boston Hassle, 42.3063480898, -71.1076025885, 2014-11-25T20:00:00-0500 
Boston Hassle, 42.3063480898, -71.1076025885, 2014-11-24T20:00:00-0500 
Boston Hassle, 42.3063480898, -71.1076025885, 2014-11-23T16:00:00-0500 
Boston Hassle, 42.3063498826, -71.1075636012, 2014-11-22T16:00:00-0500 
Boston Hassle, 42.3063498826, -71.1075636012, 2014-11-22T21:00:00-0500 
Boston Hassle, 42.3063498826, -71.1075636012, 2014-11-19T20:30:00-0500 
Boston Hassle, 42.3063480898, -71.1076025885, 2014-12-06T21:00:00-0500 
Boston Hassle, 42.3063498826, -71.1075636012, 2014-11-18T20:00:00-0500 
Boston Hassle, 42.3063498826, -71.1075636012, 2014-11-16T16:00:00-0500 
Boston Hassle, 42.3063498826, -71.1075636012, 2014-11-16T21:00:00-0500 
Boston Hassle, 42.3063480898, -71.1076025885, 2014-11-15T21:00:00-0500 
Boston Hassle, 42.305196, -71.11445, 2014-11-13T21:00:00-0500 
Boston Hassle, 39.7703393332, -86.0732812669, 2014-11-14T18:00:00-0500 
Boston Hassle, 42.3063480898, -71.1076025885, 2014-11-11T21:00:00-0500 
Boston Hassle, 42.3063498826, -71.1075636012, 2014-11-09T18:30:00-0500 
Boston Hassle, 42.3063480898, -71.1076025885, 2014-11-08T16:00:00-0500 
Boston Hassle, 42.3063498826, -71.1075636012, 2014-11-07T21:30:00-0500 
Boston Hassle, 42.3955319824, -71.1219198713, 2014-11-19T20:00:00-0500 
Boston Hassle, 42.3063480898, -71.1076025885, 2014-11-05T20:00:00-0500 
Boston Hassle, 42.3736395046, -71.1000108605, 2014-11-01T19:00:00-0400 
Boston Hassle, 42.3736395046, -71.1000108605, 2014-11-01T19:00:00-0400 
Boston Hassle, 42.3736395046, -71.1000108605, 2014-11-01T19:00:00-0400 
Boston Hassle, 42.3736395046, -71.1000108605, 2014-11-01T19:00:00-0400 
Boston Hassle, 42.3736395046, -71.1000108605, 2014-11-01T19:00:00-0400 
Boston Hassle, 42.3736395046, -71.1000108605, 2014-11-01T19:00:00-0400 
Boston Hassle, 42.3063498826, -71.1075636012, 2014-11-01T21:00:00-0400 
Boston Hassle, 42.3736395046, -71.1000108605, 2014-10-30T22:00:00-0400 
Boston Hassle, 42.3063498826, -71.1075636012, 2014-10-31T21:00:00-0400 
Boston Hassle, 42.305196, -71.11445, 2014-11-09T20:00:00-0500 
Boston Hassle, 42.3063480898, -71.1076025885, 2014-10-29T20:00:00-0400 
Boston Hassle, 42.4074583539, -71.1193531716, 2014-10-29T21:00:00-0400 
Boston Hassle, 42.3063498826, -71.1075636012, 2014-10-28T20:00:00-0400 
Boston Hassle, 42.372425, -71.099625, 2014-11-12T20:00:00-0500 
Boston Hassle, 42.3063498826, -71.1075636012, 2014-10-26 
Boston Hassle, 42.313612, -71.224904, 2014-11-06T19:30:00-0500 
Boston Hassle, 42.3063498826, -71.1075636012, 2014-10-25T21:00:00-0400 
Boston Hassle, 42.3063480898, -71.1076025885, 2014-10-24T20:30:00-0400 
Boston Hassle, 42.3736395046, -71.1000108605, 2014-11-01T22:00:00-0400 
Boston Hassle, 42.31276, -71.1052, 2014-10-22T20:00:00-0400 
Boston Hassle, 42.4215645618, -71.0962243712, 2014-10-23T19:00:00-0400 
Boston Hassle, 42.3063498826, -71.1075636012, 2014-10-21T20:00:00-0400 
Boston Hassle, 42.3648677305, -71.1002214554, 2014-10-26T11:00:00-0400 
Boston Hassle, 42.3511586153, -71.063211, 2014-10-25T20:00:00-0400 
Boston Hassle, 42.3063480898, -71.1076025885, 2014-10-19T15:00:00-0400 
Boston Hassle, 42.3063498826, -71.1075636012, 2014-10-17T20:00:00-0400 
Boston Hassle, 42.3636033328, -71.1017284219, 2014-10-16T19:30:00-0400 
Boston Hassle, 42.313612, -71.224904, 2014-10-18T19:30:00-0400 
Boston Hassle, 42.3063480898, -71.1076025885, 2014-12-06T21:00:00-0500 
Boston Hassle, 42.3063498826, -71.1075636012, 2014-10-15T20:00:00-0400 
Boston Hassle, 42.3648677305, -71.1002214554, 2014-10-26T11:00:00-0400 
Boston Hassle, 42.3063498826, -71.1075636012, 2014-10-14T20:00:00-0500 
Boston Hassle, 42.3063498826, -71.1075636012, 2014-10-12T16:00:00-0400 
Boston Hassle, 42.3063480898, -71.1076025885, 2014-10-11T21:00:00-0400 
Boston Hassle, 42.313612, -71.224904, 2014-10-10T19:30:00-0400 
Boston Hassle, 42.3063498826, -71.1075636012, 2014-10-21T20:00:00-0400 
Boston Hassle, 42.3063480898, -71.1076025885, 2014-10-19T21:00:00-0400 
Boston Hassle, 42.3063480898, -71.1076025885, 2014-10-07T21:00:00-0400 
Boston Hassle, 42.3063498826, -71.1075636012, 2014-10-06T20:00:00-0400 
Boston Hassle, 42.372425, -71.099625, 2014-10-08T20:00:00-0400 
Boston Hassle, 42.3063480898, -71.1076025885, 2014-10-05T21:00:00-0400 
Boston Hassle, 42.3063480898, -71.1076025885, 2014-10-04T16:00:00-0400 
Boston Hassle, 42.3063480898, -71.1076025885, 2014-10-05T21:00:00-0400 
Boston Hassle, 42.3063480898, -71.1076025885, 2014-09-30T20:00:00-0400 
Boston Hassle, 42.3063480898, -71.1076025885, 2014-09-29T20:00:00-0400 
Boston Hassle, 42.3063480898, -71.1076025885, 2014-09-28T21:00:00-0400 
Boston Hassle, 42.3610403461, -71.0516001413, 2014-09-28T12:00:00-0400 
Boston Hassle, 42.3063480898, -71.1076025885, 2014-09-24T21:00:00-0400 
Boston Hassle, 42.3063480898, -71.1076025885, 2014-09-23T20:00:00-0400 
Boston Hassle, 42.3490895342, -71.1528760586, 2014-09-22T19:00:00-0400 
Boston Hassle, 42.3736395046, -71.1000108605, 2014-10-30T22:00:00-0400 
Boston Hassle, 42.3736395046, -71.1000108605, 2014-10-04T22:00:00-0400 
Boston Hassle, 42.3610403461, -71.0516001413, 2014-09-28T12:00:00-0400 
Boston Hassle, 42.3063480898, -71.1076025885, 2014-09-27T20:30:00-0400 
Boston Hassle, 42.3063480898, -71.1076025885, 2014-09-22T20:00:00-0400 
Boston Hassle, 42.3490895342, -71.1528760586, 2014-09-20T21:00:00-0400 
Boston Hassle, 42.3063498826, -71.1075636012, 2014-09-21T15:30:00-0400 
Boston Hassle, 42.3063498826, -71.1075636012, 2014-09-20T16:00:00-0400 
Boston Hassle, 42.3490895342, -71.1528760586, 2014-09-19T21:00:00-0400 
Boston Hassle, 42.3490895342, -71.1528760586, 2014-09-18T20:30:00-0400 
Boston Hassle, 42.3063498826, -71.1075636012, 2014-09-19T22:00:00-0400 
Boston Hassle, 42.3490895342, -71.1528760586, 2014-09-17T20:00:00-0400 
Boston Hassle, 42.3490895342, -71.1528760586, 2014-09-16T19:30:00-0400 
Boston Hassle, 42.3063498826, -71.1075636012, 2014-09-16T20:30:00-0400 
Boston Hassle, 42.3490895342, -71.1528760586, 2014-09-15T19:00:00-0400 
Boston Hassle, 42.3063480898, -71.1076025885, 2014-09-15T20:00:00-0400 
Boston Hassle, 42.3490895342, -71.1528760586, 2014-09-14T19:00:00-0400 
Boston Hassle, 42.3063498826, -71.1075636012, 2014-09-14T16:00:00-0400 
Boston Hassle, 42.3063480898, -71.1076025885, 2014-09-14T21:00:00-0400 
Boston Hassle, 42.3063498826, -71.1075636012, 2014-09-13T16:00:00-0400 
Boston Hassle, 42.3063498826, -71.1075636012, 2014-09-13T20:00:00-0400 
Boston Hassle, 42.3883543062, -71.1035776904, 2014-11-07T18:00:00-0500 
Boston Hassle, 42.3063480898, -71.1076025885, 2014-09-09T21:00:00-0400 
Boston Hassle, 42.3490895342, -71.1528760586, 2014-09-08T19:00:00-0400 
Boston Hassle, 42.3490895342, -71.1528760586, 2014-09-07T19:00:00-0400 
Boston Hassle, 42.3490895342, -71.1528760586, 2014-09-06T21:00:00-0400 
Boston Hassle, 42.3063480898, -71.1076025885, 2014-09-06T16:00:00-0400 
Boston Hassle, 42.6358808712, -71.3172419615, 2014-09-14T13:00:00-0400 
Boston Hassle, 42.3063498826, -71.1075636012, 2014-09-06T21:00:00-0400 
Boston Hassle, 42.3490895342, -71.1528760586, 2014-09-05T21:00:00-0400 
Boston Hassle, 42.3063480898, -71.1076025885, 2014-09-05T20:30:00-0400 
Boston Hassle, 42.3490895342, -71.1528760586, 2014-09-04T20:30:00-0400 
Boston Hassle, 42.309925, -71.115982, 2014-09-06T20:00:00-0400 
Boston Hassle, 42.3490895342, -71.1528760586, 2014-09-03T20:00:00-0400 
Boston Hassle, 42.3490895342, -71.1528760586, 2014-09-02T19:30:00-0400 
Boston Hassle, 42.3063480898, -71.1076025885, 2014-09-03T20:00:00-0400 
Boston Hassle, 42.3063480898, -71.1076025885, 2014-09-02T21:00:00-0400 
Boston Hassle, 42.3490895342, -71.1528760586, 2014-09-01T19:00:00-0400 
Boston Hassle, 42.3063480898, -71.1076025885, 2014-09-01T20:00:00-0400 
Boston Hassle, 42.3490895342, -71.1528760586, 2014-08-31T19:00:00-0400 
Boston Hassle, 42.3490895342, -71.1528760586, 2014-08-30T21:00:00-0400 
Boston Hassle, 42.241482, -71.832123, 2014-09-02T19:00:00-0500 
Boston Hassle, 42.3063480898, -71.1076025885, 2014-09-30T20:00:00-0400 
Boston Hassle, 42.3063480898, -71.1076025885, 2014-08-29T21:30:00-0400 
Boston Hassle, 42.3490895342, -71.1528760586, 2014-08-29T21:00:00-0400 
Boston Hassle, 42.3490895342, -71.1528760586, 2014-08-28T20:30:00-0400 
Boston Hassle, 42.3662084992, -71.1052187701, 2014-09-19T21:00:00-0400 
Boston Hassle, 42.3490895342, -71.1528760586, 2014-08-27T20:00:00-0400 
Boston Hassle, 42.3063498826, -71.1075636012, 2014-08-27T20:00:00-0400 
Boston Hassle, 42.3490895342, -71.1528760586, 2014-08-26T19:30:00-0400 
Boston Hassle, 42.365994, -71.105008, 2014-09-04T20:00:00-0400 
Boston Hassle, 42.3063480898, -71.1076025885, 2014-08-26T20:00:00-0400 
Boston Hassle, 42.3063480898, -71.1076025885, 2014-08-25T20:00:00-0400 
Boston Hassle, 42.3490895342, -71.1528760586, 2014-08-23T21:00:00-0400 
Boston Hassle, 42.3063498826, -71.1075636012, 2014-08-24T16:15:00-0400 
Boston Hassle, 42.3063480898, -71.1076025885, 2014-08-24T21:00:00-0400 
Boston Hassle, 42.3063498826, -71.1075636012, 2014-08-23T16:00:00-0400 
Boston Hassle, 42.3490895342, -71.1528760586, 2014-08-22T21:00:00-0400 
Boston Hassle, 42.3063480898, -71.1076025885, 2014-08-22T20:30:00-0400 
Boston Hassle, 42.3063480898, -71.1076025885, 2014-10-11T21:00:00-0400 
Boston Hassle, 42.3490895342, -71.1528760586, 2014-08-21T20:30:00-0400 
Boston Hassle, 42.241482, -71.832123, 2014-09-02T19:00:00-0500 
Boston Hassle, 42.3490895342, -71.1528760586, 2014-08-20T20:00:00-0400 
Boston Hassle, 42.3490895342, -71.1528760586, 2014-08-19T19:30:00-0400 
Boston Hassle, 42.3490895342, -71.1528760586, 2014-08-18T19:00:00-0400 
Boston Hassle, 42.3063480898, -71.1076025885, 2014-08-18T20:00:00-0400 
Boston Hassle, 42.3490895342, -71.1528760586, 2014-08-17T19:00:00-0400 
Boston Hassle, 42.3490895342, -71.1528760586, 2014-08-16T21:00:00-0400 
Boston Hassle, 42.3063480898, -71.1076025885, 2014-08-17T21:00:00-0400 
Boston Hassle, 42.3063498826, -71.1075636012, 2014-08-17T16:00:00-0400 
Boston Hassle, 42.365994, -71.105008, 2014-09-11T21:00:00-0400 
Boston Hassle, 42.3063498826, -71.1075636012, 2014-08-16T16:00:00-0400 
Boston Hassle, 42.3490895342, -71.1528760586, 2014-08-15T21:00:00-0400 
Boston Hassle, 42.3063498826, -71.1075636012, 2014-08-15T21:00:00-0400 
Boston Hassle, 42.3490895342, -71.1528760586, 2014-08-14T20:30:00-0400 
Boston Hassle, 42.3490895342, -71.1528760586, 2014-08-13T20:00:00-0400 
Boston Hassle, 42.3883543062, -71.1035776904, 2014-09-05T18:00:00-0400 
Boston Hassle, 42.3490895342, -71.1528760586, 2014-08-11T19:00:00-0400 
Boston Hassle, 42.3490895342, -71.1528760586, 2014-08-09T21:00:00-0400 
Boston Hassle, 42.3063498826, -71.1075636012, 2014-08-09T20:00:00-0400 
Boston Hassle, 42.3490895342, -71.1528760586, 2014-08-08T21:00:00-0400 
Boston Hassle, 42.3490895342, -71.1528760586, 2014-08-07T20:30:00-0400 
Boston Hassle, 42.3063480898, -71.1076025885, 2014-08-08T20:30:00-0400 
Boston Hassle, 42.3490895342, -71.1528760586, 2014-08-06T20:00:00-0400 
Boston Hassle, 42.3638680574, -71.1014775668, 2014-08-15T20:00:00-0400 
Boston Hassle, 42.3490895342, -71.1528760586, 2014-08-05T19:30:00-0400 
Boston Hassle, 42.3063498826, -71.1075636012, 2014-09-16T20:30:00-0400 
Boston Hassle, 42.3063480898, -71.1076025885, 2014-08-05T20:00:00-0400 
Boston Hassle, 42.3063480898, -71.1076025885, 2014-08-25T20:00:00-0400 
Boston Hassle, 42.3490895342, -71.1528760586, 2014-08-04T19:00:00-0400 
Boston Hassle, 42.3736395046, -71.1000108605, 2014-08-29T22:00:00-0400 
Boston Hassle, 42.3490895342, -71.1528760586, 2014-08-03T19:00:00-0400 
Boston Hassle, 42.3063480898, -71.1076025885, 2014-08-04T20:00:00-0400 
Boston Hassle, 42.3490895342, -71.1528760586, 2014-08-02T21:00:00-0400 
Boston Hassle, 42.3490895342, -71.1528760586, 2014-08-01T21:00:00-0400 
Boston Hassle, 42.3490895342, -71.1528760586, 2014-07-31T20:30:00-0400 
Boston Hassle, 42.3490895342, -71.1528760586, 2014-07-30T20:00:00-0400 
Boston Hassle, 42.3490895342, -71.1528760586, 2014-07-29T19:30:00-0400 
Boston Hassle, 42.3063498826, -71.1075636012, 2014-07-30T20:00:00-0400 
Boston Hassle, 42.3063480898, -71.1076025885, 2014-07-29T20:00:00-0400 
Boston Hassle, 42.3490895342, -71.1528760586, 2014-07-28T19:00:00-0400 
Boston Hassle, 42.3063480898, -71.1076025885, 2014-07-28T20:00:00-0400 
Boston Hassle, 42.3490895342, -71.1528760586, 2014-07-27T19:00:00-0400 
Boston Hassle, 42.3063480898, -71.1076025885, 2014-07-27T20:30:00-0400 
Boston Hassle, 42.3490895342, -71.1528760586, 2014-07-26T21:00:00-0400 
Boston Hassle, 42.3490895342, -71.1528760586, 2014-07-25T21:00:00-0400 
Boston Hassle, 42.3490895342, -71.1528760586, 2014-07-24T20:30:00-0400 
Boston Hassle, 42.3724740216, -71.1217062874, 2014-08-11T20:30:00-0400 
Boston Hassle, 42.3490895342, -71.1528760586, 2014-07-23T20:00:00-0400 
Boston Hassle, 42.3624934236, -71.09863923, 2014-07-30T21:00:00-0400 
Boston Hassle, 42.3063480898, -71.1076025885, 2014-07-23T20:30:00-0400 
Boston Hassle, 42.3490895342, -71.1528760586, 2014-07-22T19:30:00-0400 
Boston Hassle, 42.3490895342, -71.1528760586, 2014-07-28T19:00:00-0400 
Boston Hassle, 42.3063480898, -71.1076025885, 2014-07-22T20:00:00-0400 
Boston Hassle, 42.3490895342, -71.1528760586, 2014-07-20T19:00:00-0400 
Boston Hassle, 42.3063480898, -71.1076025885, 2014-07-21T20:00:00-0400 
Boston Hassle, 42.3490895342, -71.1528760586, 2014-07-19T21:00:00-0400 
Boston Hassle, 42.3736395046, -71.1000108605, 2014-08-02T22:00:00-0400 
Boston Hassle, 42.3063480898, -71.1076025885, 2014-07-19T20:00:00-0400 
Boston Hassle, 42.3490895342, -71.1528760586, 2014-07-18T21:00:00-0400 
Boston Hassle, 42.3063498826, -71.1075636012, 2014-07-18T20:00:00-0400 
Boston Hassle, 42.3490895342, -71.1528760586, 2014-07-17T20:30:00-0400 
Boston Hassle, 42.3490895342, -71.1528760586, 2014-07-16T20:00:00-0400 
Boston Hassle, 42.3063480898, -71.1076025885, 2014-07-16T20:00:00-0400 
Boston Hassle, 42.3490895342, -71.1528760586, 2014-07-15T19:30:00-0400 
Boston Hassle, 42.3624934236, -71.09863923, 2014-08-24T21:00:00-0400 
Boston Hassle, 42.3490895342, -71.1528760586, 2014-07-14T19:00:00-0400 
Boston Hassle, 42.3063498826, -71.1075636012, 2014-07-15T20:00:00-0400 
Boston Hassle, 42.365994, -71.105008, 2014-08-01T21:00:00-0400 
Boston Hassle, 42.3063480898, -71.1076025885, 2014-07-13T21:00:00-0400 
Boston Hassle, 42.3490895342, -71.1528760586, 2014-07-12T21:00:00-0400 
Boston Hassle, 42.3490895342, -71.1528760586, 2014-07-11T21:00:00-0400 
Boston Hassle, 42.3821538384, -71.1195726052, 2014-07-10T21:30:00-0400 
Boston Hassle, 42.3736395046, -71.1000108605, 2014-07-25T22:00:00-0400 
Boston Hassle, 42.3490895342, -71.1528760586, 2014-07-10T20:30:00-0400 
Boston Hassle, 42.3490895342, -71.1528760586, 2014-07-09T20:00:00-0400 
Boston Hassle, 42.3490895342, -71.1528760586, 2014-07-08T19:30:00-0400 
Boston Hassle, 42.3667650243, -71.1067761561, 2014-08-16T12:00:00-0400 
Boston Hassle, 42.3490895342, -71.1528760586, 2014-07-07T19:00:00-0400 
Boston Hassle, 42.3063480898, -71.1076025885, 2014-07-19T20:00:00-0400 
Boston Hassle, 42.3490895342, -71.1528760586, 2014-07-05T21:00:00-0400 
Boston Hassle, 42.3490895342, -71.1528760586, 2014-07-04T21:00:00-0400 
Boston Hassle, 42.3063498826, -71.1075636012, 2014-07-05T21:00:00-0400 
Boston Hassle, 42.3490895342, -71.1528760586, 2014-07-03T20:30:00-0400 
Boston Hassle, 42.309925, -71.115982, 2014-06-27T16:30:00-0400 
Boston Hassle, 42.3490895342, -71.1528760586, 2014-07-02T20:00:00-0400 
Boston Hassle, 42.3063480898, -71.1076025885, 2014-09-12T21:00:00-0400 
Boston Hassle, 42.3490895342, -71.1528760586, 2014-07-01T19:30:00-0400 
Boston Hassle, 42.3636033328, -71.1017284219, 2014-07-03T20:30:00-0400 
Boston Hassle, 42.3063480898, -71.1076025885, 2014-07-01T21:00:00-0400 
Boston Hassle, 42.3490895342, -71.1528760586, 2014-06-30T19:00:00-0400 
Boston Hassle, 42.3490895342, -71.1528760586, 2014-06-29T19:00:00-0400 
Boston Hassle, 42.3490895342, -71.1528760586, 2014-06-28T21:00:00-0400 
Boston Hassle, 42.3063480898, -71.1076025885, 2014-06-29T21:00:00-0400 
Boston Hassle, 42.3490895342, -71.1528760586, 2014-06-27T21:00:00-0400 
Boston Hassle, 42.3736395046, -71.1000108605, 2014-07-06T22:00:00-0400 
Boston Hassle, 42.3490895342, -71.1528760586, 2014-06-26T20:30:00-0400 
Boston Hassle, 42.3063498826, -71.1075636012, 2014-06-27T21:00:00-0400 
Boston Hassle, 42.3063498826, -71.1075636012, 2014-06-28T16:00:00-0400 
Boston Hassle, 42.3490895342, -71.1528760586, 2014-06-25T20:00:00-0400 
Boston Hassle, 42.3063480898, -71.1076025885, 2014-06-30T20:00:00-0400 
Boston Hassle, 42.3490895342, -71.1528760586, 2014-06-24T19:30:00-0400 
Boston Hassle, 42.309925, -71.115982, 2014-06-27T16:30:00-0400 
Boston Hassle, 42.3490895342, -71.1528760586, 2014-06-23T20:00:00-0400 
Boston Hassle, 42.499737, -72.331261, 2014-08-02T14:00:00-0400 
Boston Hassle, 42.3490895342, -71.1528760586, 2014-06-22T19:00:00-0400 
Boston Hassle, 42.3490895342, -71.1528760586, 2014-06-21T21:00:00-0400 
Boston Hassle, 42.3736395046, -71.1000108605, 2014-06-20T22:00:00-0400 
Boston Hassle, 42.3063498826, -71.1075636012, 2014-06-21T21:00:00-0400 
Boston Hassle, 42.3490895342, -71.1528760586, 2014-06-20T21:00:00-0400 
Boston Hassle, 42.3490895342, -71.1528760586, 2014-06-19T20:30:00-0400 
Boston Hassle, 42.3063480898, -71.1076025885, 2014-06-18T20:00:00-0400 
Boston Hassle, 42.3490895342, -71.1528760586, 2014-06-17T19:30:00-0400 
Boston Hassle, 42.3063480898, -71.1076025885, 2014-06-16T20:00:00-0400 
Boston Hassle, 42.3490895342, -71.1528760586, 2014-06-16T19:00:00-0400 
Boston Hassle, 42.3490895342, -71.1528760586, 2014-06-15T19:00:00-0400 
Boston Hassle, 42.3490895342, -71.1528760586, 2014-06-14T21:00:00-0400 
Boston Hassle, 42.3490895342, -71.1528760586, 2014-06-13T21:00:00-0400 
Boston Hassle, 42.3490895342, -71.1528760586, 2014-06-12T20:30:00-0400 
Boston Hassle, 42.3490895342, -71.1528760586, 2014-06-11T20:00:00-0400 
Boston Hassle, 42.3490895342, -71.1528760586, 2014-06-10T19:30:00-0400 
Boston Hassle, 42.3736395046, -71.1000108605, 2014-06-24T22:00:00-0400 
Boston Hassle, 42.3063498826, -71.1075636012, 2014-06-10T20:00:00-0400 
Boston Hassle, 42.3490895342, -71.1528760586, 2014-06-08T19:00:00-0400 
Boston Hassle, 42.3063498826, -71.1075636012, 2014-06-07T15:00:00-0400 
Boston Hassle, 42.3063498826, -71.1075636012, 2014-06-08T20:00:00-0400 
Boston Hassle, 42.3490895342, -71.1528760586, 2014-06-07T21:00:00-0400 
Boston Hassle, 42.351072876, -71.1381154548, 2014-06-21T12:00:00-0400 
Boston Hassle, 42.3063480898, -71.1076025885, 2014-06-08T16:00:00-0400 
Boston Hassle, 42.3490895342, -71.1528760586, 2014-06-06T21:00:00-0400 
Boston Hassle, 42.3490895342, -71.1528760586, 2014-06-05T20:30:00-0400 
Boston Hassle, 42.3490895342, -71.1528760586, 2014-06-04T20:00:00-0400 
Boston Hassle, 42.3736395046, -71.1000108605, 2014-06-20T22:00:00-0400 
Boston Hassle, 42.3490895342, -71.1528760586, 2014-06-03T19:30:00-0400 
Boston Hassle, 42.3501215142, -71.1307893762, 2014-06-27T22:00:00-0400 
Boston Hassle, 42.3063498826, -71.1075636012, 2014-06-03T21:00:00-0400 
Boston Hassle, 42.3490895342, -71.1528760586, 2014-06-02T19:00:00-0400 
Boston Hassle, 42.3490895342, -71.1528760586, 2014-06-01T19:00:00-0400 
Boston Hassle, 42.3490895342, -71.1528760586, 2014-05-31T21:00:00-0400 
Boston Hassle, 42.3063480898, -71.1076025885, 2014-06-01T16:00:00-0400 
Boston Hassle, 42.3724740216, -71.1217062874, 2014-06-16T21:00:00-0400 
Boston Hassle, 42.3063480898, -71.1076025885, 2014-05-31T16:00:00-0400 
Boston Hassle, 42.3063498826, -71.1075636012, 2014-05-31T21:00:00-0400 
Boston Hassle, 42.3490895342, -71.1528760586, 2014-05-30T21:00:00-0400 
Boston Hassle, 42.3490895342, -71.1528760586, 2014-05-29T20:30:00-0400 
Boston Hassle, 42.3063480898, -71.1076025885, 2014-05-30T20:00:00-0400 
Boston Hassle, 42.3490895342, -71.1528760586, 2014-05-28T20:00:00-0400 
Boston Hassle, 42.3490895342, -71.1528760586, 2014-05-27T19:30:00-0400 
Boston Hassle, 42.3063480898, -71.1076025885, 2014-05-28T20:00:00-0400 
Boston Hassle, 42.3063498826, -71.1075636012, 2014-05-27 
Boston Hassle, 42.3490895342, -71.1528760586, 2014-05-25T19:00:00-0400 
Boston Hassle, 42.3063480898, -71.1076025885, 2014-05-28T20:00:00-0400 
Boston Hassle, 42.3490895342, -71.1528760586, 2014-05-23T21:00:00-0400 
Boston Hassle, 42.3490895342, -71.1528760586, 2014-05-22T20:30:00-0400 
Boston Hassle, 42.3490895342, -71.1528760586, 2014-05-21T20:00:00-0400 
Boston Hassle, 42.3379763881, -71.0428765368, 2014-06-01T14:35:00-0400 
Boston Hassle, 42.3490895342, -71.1528760586, 2014-05-20T19:30:00-0400 
Boston Hassle, 42.3648773125, -71.1003825582, 2014-05-24T19:00:00-0400 
Boston Hassle, 42.3490895342, -71.1528760586, 2014-05-19T19:00:00-0400 
Boston Hassle, 42.3490895342, -71.1528760586, 2014-05-18T19:00:00-0400 
Boston Hassle, 42.3883543062, -71.1035776904, 2014-06-13T18:00:00-0400 
Boston Hassle, 42.3490895342, -71.1528760586, 2014-05-17T21:00:00-0400 
Boston Hassle, 42.3490895342, -71.1528760586, 2014-05-16T21:00:00-0400 
Boston Hassle, 42.3063480898, -71.1076025885, 2014-07-25T20:30:00-0400 
Boston Hassle, 42.3063480898, -71.1076025885, 2014-05-16T20:30:00-0400 
Boston Hassle, 42.3490895342, -71.1528760586, 2014-05-15T20:30:00-0400 
Boston Hassle, 42.3883543062, -71.1035776904, 2014-06-13T18:00:00-0400 
Boston Hassle, 42.3490895342, -71.1528760586, 2014-05-14T20:00:00-0400 
Boston Hassle, 42.3490895342, -71.1528760586, 2014-05-13T19:30:00-0400 
Boston Hassle, 42.3063498826, -71.1075636012, 2014-05-31T21:00:00-0400 
Boston Hassle, 42.3063480898, -71.1076025885, 2014-05-13T20:00:00-0400 
Boston Hassle, 42.3490895342, -71.1528760586, 2014-05-12T19:00:00-0400 
Boston Hassle, 42.3490895342, -71.1528760586, 2014-05-10T21:00:00-0400 
Boston Hassle, 42.3490895342, -71.1528760586, 2014-05-09T21:00:00-0400 
Boston Hassle, 42.3063480898, -71.1076025885, 2014-05-10T16:00:00-0400 
Boston Hassle, 42.3063498826, -71.1075636012, 2014-05-10T21:00:00-0400 
Boston Hassle, 42.3648773125, -71.1003825582, 2014-05-24T19:00:00-0400 
Boston Hassle, 42.3490895342, -71.1528760586, 2014-05-08T20:30:00-0400 
Boston Hassle, 42.3063498826, -71.1075636012, 2014-05-09T21:00:00-0400 
Boston Hassle, 42.3883543062, -71.1035776904, 2014-05-15T21:00:00-0400 
Boston Hassle, 42.3490895342, -71.1528760586, 2014-05-07T20:00:00-0400 
Boston Hassle, 42.3490895342, -71.1528760586, 2014-05-06T19:30:00-0400 
Boston Hassle, 42.7711868408, -71.0879496715, 2014-05-09T19:00:00-0400 
Boston Hassle, 42.3490895342, -71.1528760586, 2014-05-05T19:00:00-0400 
Boston Hassle, 42.3063480898, -71.1076025885, 2014-05-06T21:00:00-0400 
Boston Hassle, 42.3553499853, -71.1327550273, 2014-05-17T20:00:00-0400 
Boston Hassle, 42.3063498826, -71.1075636012, 2014-05-05T20:00:00-0400 
Boston Hassle, 42.3490895342, -71.1528760586, 2014-05-04T19:00:00-0400 
Boston Hassle, 42.3490895342, -71.1528760586, 2014-05-03T21:00:00-0400 
Boston Hassle, 42.3063480898, -71.1076025885, 2014-05-04T21:00:00-0400 
Boston Hassle, 42.3490895342, -71.1528760586, 2014-05-02T21:00:00-0400 
Boston Hassle, 42.3063480898, -71.1076025885, 2014-05-03T16:00:00-0400 
Boston Hassle, 42.3736395046, -71.1000108605, 2014-05-02T22:00:00-0400 
Boston Hassle, 42.3490895342, -71.1528760586, 2014-05-01T20:30:00-0400 
Boston Hassle, 42.3063498826, -71.1075636012, 2014-05-02T21:00:00-0400 
Boston Hassle, 42.3490895342, -71.1528760586, 2014-04-30T20:00:00-0400 
Boston Hassle, 42.3490895342, -71.1528760586, 2014-04-29T19:30:00-0400 
Boston Hassle, 42.3063480898, -71.1076025885, 2014-04-29T20:00:00-0400 
Boston Hassle, 42.3490895342, -71.1528760586, 2014-04-28T19:00:00-0400 
Boston Hassle, 42.3490895342, -71.1528760586, 2014-04-27T19:00:00-0400 
Boston Hassle, 42.3490895342, -71.1528760586, 2014-04-26T21:00:00-0400 
Boston Hassle, 42.3490895342, -71.1528760586, 2014-04-25T21:00:00-0400 
Boston Hassle, 42.3063498826, -71.1075636012, 2014-04-25T21:00:00-0400 
Boston Hassle, 42.3490895342, -71.1528760586, 2014-04-24T20:30:00-0400 
Boston Hassle, 42.3736395046, -71.1000108605, 2014-05-10T22:00:00-0400 
Boston Hassle, 42.3724740216, -71.1217062874, 2014-05-05T21:00:00-0400 
Boston Hassle, 42.3490895342, -71.1528760586, 2014-04-23T20:00:00-0400 
Boston Hassle, 42.3490895342, -71.1528760586, 2014-04-22T19:30:00-0400 
Boston Hassle, 42.3490895342, -71.1528760586, 2014-04-21T19:00:00-0400 
Boston Hassle, 42.3736395046, -71.1000108605, 2014-05-03T22:00:00-0400 
Boston Hassle, 42.3490895342, -71.1528760586, 2014-04-19T21:00:00-0400 
Boston Hassle, 42.3490895342, -71.1528760586, 2014-04-18T21:00:00-0400 
Boston Hassle, 42.3490895342, -71.1528760586, 2014-04-17T20:30:00-0400 
Boston Hassle, 42.3063498826, -71.1075636012, 2014-04-18T20:00:00-0400 
Boston Hassle, 42.3490895342, -71.1528760586, 2014-04-15T19:30:00-0400 
Boston Hassle, 42.3063498826, -71.1075636012, 2014-04-25T21:00:00-0400 
Boston Hassle, 42.3490895342, -71.1528760586, 2014-04-14T19:00:00-0400 
Boston Hassle, 42.3490895342, -71.1528760586, 2014-04-13T19:00:00-0400 
Boston Hassle, 42.3490895342, -71.1528760586, 2014-04-12T21:00:00-0400 
Boston Hassle, 42.3063480898, -71.1076025885, 2014-04-12T16:00:00-0400 
Boston Hassle, 42.3063498826, -71.1075636012, 2014-04-12T21:00:00-0400 
Boston Hassle, 42.3490895342, -71.1528760586, 2014-04-11T21:00:00-0400 
Boston Hassle, 42.3725848098, -71.0914130481, 2014-04-10T22:00:00-0400 
Boston Hassle, 42.3490895342, -71.1528760586, 2014-04-10T20:30:00-0400 
Boston Hassle, 42.3490895342, -71.1528760586, 2014-04-09T20:00:00-0400 
Boston Hassle, 42.3490895342, -71.1528760586, 2014-04-08T19:30:00-0400 
Boston Hassle, 42.3490895342, -71.1528760586, 2014-04-07T20:00:00-0400 
Boston Hassle, 42.3490895342, -71.1528760586, 2014-04-06T19:00:00-0400 
Boston Hassle, 42.3490895342, -71.1528760586, 2014-04-05T21:00:00-0400 
Boston Hassle, 42.3490895342, -71.1528760586, 2014-04-04T21:00:00-0400 
Boston Hassle, 42.3063498826, -71.1075636012, 2014-04-05T16:00:00-0400 
Boston Hassle, 42.3063498826, -71.1075636012, 2014-04-05T21:00:00-0400 
Boston Hassle, 42.3063498826, -71.1075636012, 2014-04-04T19:30:00-0400 
Boston Hassle, 42.3490895342, -71.1528760586, 2014-04-03T20:30:00-0400 
Boston Hassle, 42.3063498826, -71.1075636012, 2014-04-05T21:00:00-0400 
Boston Hassle, 42.3490895342, -71.1528760586, 2014-04-02T20:00:00-0400 
Boston Hassle, 42.3490895342, -71.1528760586, 2014-03-30T19:00:00-0400 
Boston Hassle, 42.3490895342, -71.1528760586, 2014-03-29T21:00:00-0400 
Boston Hassle, 42.3063480898, -71.1076025885, 2014-03-29T21:00:00-0400 
Boston Hassle, 42.309925, -71.115982, 2014-03-30T19:00:00-0400 
Boston Hassle, 42.3063480898, -71.1076025885, 2014-03-28T20:00:00-0400 
Boston Hassle, 42.3063498826, -71.1075636012, 2014-03-24T20:00:00-0400 
Boston Hassle, 42.36492, -71.257531, 2014-03-22T21:00:00-0400 
Boston Hassle, 42.36492, -71.257531, 2014-03-22T21:00:00-0400 
Boston Hassle, 42.3490895342, -71.1528760586, 2014-03-22T21:00:00-0400 
Boston Hassle, 42.3490895342, -71.1528760586, 2014-03-21T21:00:00-0400 
Boston Hassle, 42.3063498826, -71.1075636012, 2014-03-22T16:30:00-0400 
Boston Hassle, 42.3490895342, -71.1528760586, 2014-03-20T20:30:00-0400 
Boston Hassle, 42.3490895342, -71.1528760586, 2014-03-19T20:00:00-0400 
Boston Hassle, 42.3736395046, -71.1000108605, 2014-03-28T22:00:00-0400 
Boston Hassle, 42.3490895342, -71.1528760586, 2014-03-18T19:30:00-0400 
Boston Hassle, 42.3490895342, -71.1528760586, 2014-03-17T19:00:00-0400 
Boston Hassle, 42.3490895342, -71.1528760586, 2014-03-15T21:00:00-0400 
Boston Hassle, 42.3490895342, -71.1528760586, 2014-03-14T21:00:00-0400 
Boston Hassle, 42.3063498826, -71.1075636012, 2014-03-15T21:00:00-0400 
Boston Hassle, 42.3490895342, -71.1528760586, 2014-03-13T20:30:00-0400 
Boston Hassle, 42.3063480898, -71.1076025885, 2014-03-14T21:00:00-0400 
Boston Hassle, 42.3490895342, -71.1528760586, 2014-03-12T20:00:00-0400 
Boston Hassle, 42.3736395046, -71.1000108605, 2014-04-18T22:00:00-0400 
Boston Hassle, 42.3490895342, -71.1528760586, 2014-03-11T19:30:00-0400 
Boston Hassle, 42.3061968867, -71.1078152178, 2014-03-11T19:00:00-0400 
Boston Hassle, 42.3724740216, -71.1217062874, 2014-03-31T20:00:00-0400 
Boston Hassle, 42.3490895342, -71.1528760586, 2014-03-09T19:00:00-0400 
Boston Hassle, 42.3490895342, -71.1528760586, 2014-03-08T21:00:00-0500 
Boston Hassle, 42.3063498826, -71.1075636012, 2014-03-08T16:00:00-0500 
Boston Hassle, 42.3490895342, -71.1528760586, 2014-03-07T21:00:00-0500 
Boston Hassle, 42.3639569237, -71.1013460128, 2014-03-24T22:00:00-0400 
Boston Hassle, 42.3063480898, -71.1076025885, 2014-03-07T20:00:00-0500 
Boston Hassle, 42.3063498826, -71.1075636012, 2014-03-08T21:00:00-0500 
Boston Hassle, 42.3490895342, -71.1528760586, 2014-03-06T20:30:00-0500 
Boston Hassle, 42.3490895342, -71.1528760586, 2014-03-05T20:00:00-0500 
Boston Hassle, 42.3490895342, -71.1528760586, 2014-03-03T19:00:00-0500 
Boston Hassle, 42.3063480898, -71.1076025885, 2014-03-04T21:00:00-0500 
Boston Hassle, 42.3490895342, -71.1528760586, 2014-03-02T19:00:00-0500 
Boston Hassle, 42.3490895342, -71.1528760586, 2014-03-01T21:00:00-0500 
Boston Hassle, 42.3063498826, -71.1075636012, 2014-03-01T16:00:00-0500 
Boston Hassle, 42.3490895342, -71.1528760586, 2014-02-27T20:30:00-0500 
Boston Hassle, 42.3063480898, -71.1076025885, 2014-02-28T21:00:00-0500 
Boston Hassle, 42.3490895342, -71.1528760586, 2014-02-26T20:00:00-0500 
Boston Hassle, 42.3490895342, -71.1528760586, 2014-02-25T19:30:00-0500 
Boston Hassle, 42.3063498826, -71.1075636012, 2014-02-25T20:00:00-0500 
Boston Hassle, 42.3490895342, -71.1528760586, 2014-02-24T19:00:00-0500 
Boston Hassle, 42.3490895342, -71.1528760586, 2014-02-23T19:00:00-0500 
Boston Hassle, 42.3490895342, -71.1528760586, 2014-02-22T21:00:00-0500 
Boston Hassle, 42.3490895342, -71.1528760586, 2014-02-21T21:00:00-0500 
Boston Hassle, 42.3063480898, -71.1076025885, 2014-02-22T22:00:00-0500 
Boston Hassle, 42.3063498826, -71.1075636012, 2014-02-22T16:00:00-0500 
Boston Hassle, 42.3490895342, -71.1528760586, 2014-02-20T20:30:00-0500 
Boston Hassle, 42.3063498826, -71.1075636012, 2014-02-21T20:00:00-0500 
Boston Hassle, 42.3736395046, -71.1000108605, 2014-03-01T22:00:00-0500 
Boston Hassle, 42.3490895342, -71.1528760586, 2014-02-19T20:00:00-0500 
Boston Hassle, 42.3490895342, -71.1528760586, 2014-02-18T19:30:00-0500 
Boston Hassle, 42.3553499853, -71.1327550273, 2014-02-18T20:00:00-0500 
Boston Hassle, 42.3063498826, -71.1075636012, 2014-02-18T20:00:00-0500 
Boston Hassle, 42.3490895342, -71.1528760586, 2014-02-17T19:00:00-0500 
Boston Hassle, 42.3490895342, -71.1528760586, 2014-02-16T19:00:00-0500 
Boston Hassle, 42.3501215142, -71.1307893762, 2014-03-30T21:00:00-0400 
Boston Hassle, 42.3490895342, -71.1528760586, 2014-02-15T21:00:00-0500 
Boston Hassle, 42.306076, -71.107641, 2014-02-16T21:00:00-0500 
Boston Hassle, 42.3490895342, -71.1528760586, 2014-02-14T21:00:00-0500 
Boston Hassle, 42.3490895342, -71.1528760586, 2014-02-13T20:30:00-0500 
Boston Hassle, 42.3490895342, -71.1528760586, 2014-02-12T20:00:00-0500 
Boston Hassle, 42.3490895342, -71.1528760586, 2014-02-10T19:00:00-0500 
Boston Hassle, 42.3736395046, -71.1000108605, 2014-03-01T22:00:00-0500 
Boston Hassle, 42.4150197813, -71.1508569905, 2014-02-09T19:00:00-0500 
Boston Hassle, 42.3490895342, -71.1528760586, 2014-02-09T19:00:00-0500 
Boston Hassle, 42.2542307445, -71.7981522737, 2014-03-21T20:00:00-0400 
Boston Hassle, 42.3490895342, -71.1528760586, 2014-02-08T21:00:00-0500 
Boston Hassle, 42.3636033328, -71.1017284219, 2014-02-09T20:30:00-0500 
Boston Hassle, 42.3490895342, -71.1528760586, 2014-02-07T21:00:00-0500 
Boston Hassle, 42.3490895342, -71.1528760586, 2014-02-06T20:30:00-0500 
Boston Hassle, 42.3063498826, -71.1075636012, 2014-02-07T21:00:00-0500 
Boston Hassle, 42.3490895342, -71.1528760586, 2014-02-05T20:00:00-0500 
Boston Hassle, 42.3490895342, -71.1528760586, 2014-02-04T19:30:00-0500 
Boston Hassle, 42.3490895342, -71.1528760586, 2014-02-03T19:00:00-0500 
Boston Hassle, 42.3490895342, -71.1528760586, 2014-02-02T19:00:00-0500 
Boston Hassle, 42.3063498826, -71.1075636012, 2014-02-02T16:00:00-0500 
Boston Hassle, 42.3490895342, -71.1528760586, 2014-01-31T21:00:00-0500 
Boston Hassle, 42.3063480898, -71.1076025885, 2014-01-31 
Boston Hassle, 42.3063480898, -71.1076025885, 2014-02-02T21:00:00-0500 
Boston Hassle, 42.312478, -71.101813, 2014-02-01T20:00:00-0500 
Boston Hassle, 42.3490895342, -71.1528760586, 2014-01-30T20:30:00-0500 
Boston Hassle, 42.3490895342, -71.1528760586, 2014-01-28T19:30:00-0500 
Boston Hassle, 42.3063498826, -71.1075636012, 2014-01-28T20:00:00-0500 
Boston Hassle, 42.3490895342, -71.1528760586, 2014-01-27T19:00:00-0500 
Boston Hassle, 42.3725576748, -71.1200580975, 2014-02-15 
Boston Hassle, 42.3490895342, -71.1528760586, 2014-01-26T19:00:00-0500 
Boston Hassle, 42.3490895342, -71.1528760586, 2014-01-25T21:00:00-0500 
Boston Hassle, 42.3490895342, -71.1528760586, 2014-01-24T21:00:00-0500 
Boston Hassle, 42.3490895342, -71.1528760586, 2014-01-23T20:30:00-0500 
Boston Hassle, 42.3490895342, -71.1528760586, 2014-01-22T20:00:00-0500 
Boston Hassle, 42.3490895342, -71.1528760586, 2014-01-21T19:30:00-0500 
Boston Hassle, 42.3725576748, -71.1200580975, 2014-02-08T20:00:00-0500 
Boston Hassle, 42.3490895342, -71.1528760586, 2014-01-20T20:00:00-0500 
Boston Hassle, 42.3063480898, -71.1076025885, 2014-04-21T20:00:00-0400 
Boston Hassle, 42.3490895342, -71.1528760586, 2014-01-18T21:00:00-0500 
Boston Hassle, 42.3063480898, -71.1076025885, 2014-01-18T16:00:00-0500 
Boston Hassle, 42.3490895342, -71.1528760586, 2014-01-17T21:00:00-0500 
Boston Hassle, 42.3736395046, -71.1000108605, 2014-02-01T22:00:00-0500 
Boston Hassle, 42.3490895342, -71.1528760586, 2014-01-16T20:30:00-0500 
Boston Hassle, 42.3490895342, -71.1528760586, 2014-01-15T20:00:00-0500 
Boston Hassle, 42.3490895342, -71.1528760586, 2014-01-14T19:30:00-0500 
Boston Hassle, 42.3063480898, -71.1076025885, 2014-01-19T20:00:00-0500 
Boston Hassle, 42.3490895342, -71.1528760586, 2014-01-12T19:00:00-0500 
Boston Hassle, 42.3490895342, -71.1528760586, 2014-01-11T21:00:00-0500 
Boston Hassle, 42.3063498826, -71.1075636012, 2014-01-12T20:30:00-0500 
Boston Hassle, 42.3490895342, -71.1528760586, 2014-01-10T21:00:00-0500 
Boston Hassle, 42.3490895342, -71.1528760586, 2014-01-09T20:30:00-0500 
Boston Hassle, 42.3063480898, -71.1076025885, 2014-01-10T21:00:00-0500 
Boston Hassle, 42.3490895342, -71.1528760586, 2014-01-08T20:00:00-0500 
Boston Hassle, 42.379955, -71.10154, 2014-01-12T19:00:00-0500 
Boston Hassle, 42.3490895342, -71.1528760586, 2014-01-07T19:30:00-0500 
Boston Hassle, 42.3624934236, -71.09863923, 2014-01-29T21:00:00-0500 
Boston Hassle, 42.3063480898, -71.1076025885, 2014-01-07T20:00:00-0500 
Boston Hassle, 42.3490895342, -71.1528760586, 2014-01-06T19:00:00-0500 
Boston Hassle, 42.3490895342, -71.1528760586, 2014-01-05T19:00:00-0500 
Boston Hassle, 42.3736395046, -71.1000108605, 2014-01-04T22:00:00-0500 
Boston Hassle, 42.3490895342, -71.1528760586, 2014-01-04T21:00:00-0500 
Boston Hassle, 42.3971205968, -71.1230216771, 2014-01-03T20:00:00-0500 
Boston Hassle, 42.3490895342, -71.1528760586, 2014-01-03T21:00:00-0500 
Boston Hassle, 42.3490895342, -71.1528760586, 2013-12-31T18:00:00-0500 
Boston Hassle, 42.3490895342, -71.1528760586, 2013-12-30T19:00:00-0500 
Boston Hassle, 42.3063480898, -71.1076025885, 2013-12-31T21:00:00-0500 
Boston Hassle, 42.3490895342, -71.1528760586, 2013-12-29T19:00:00-0500 
Boston Hassle, 42.3490895342, -71.1528760586, 2013-12-28T21:00:00-0500 
Boston Hassle, 42.3490895342, -71.1528760586, 2013-12-27T21:00:00-0500 
Boston Hassle, 42.3063480898, -71.1076025885, 2013-12-28T16:00:00-0500 
Boston Hassle, 42.3490895342, -71.1528760586, 2013-12-26T20:30:00-0500 
Boston Hassle, 42.3736395046, -71.1000108605, 2014-01-04T22:00:00-0500 
Boston Hassle, 42.3490895342, -71.1528760586, 2013-12-22T19:00:00-0500 
Boston Hassle, 42.4059301708, -71.1321201186, 2013-12-21T20:00:00-0500 
Boston Hassle, 42.3490895342, -71.1528760586, 2013-12-21T21:00:00-0500 
Boston Hassle, 42.3490895342, -71.1528760586, 2013-12-20T21:00:00-0500 
Boston Hassle, 42.3063480898, -71.1076025885, 2013-12-21T21:00:00-0500 
Boston Hassle, 42.3490895342, -71.1528760586, 2013-12-19T20:30:00-0500 
Boston Hassle, 42.3490895342, -71.1528760586, 2013-12-18T20:00:00-0500 
Boston Hassle, 42.3490895342, -71.1528760586, 2013-12-17T19:30:00-0500 
Boston Hassle, 42.3501215142, -71.1307893762, 2013-12-21T20:00:00-0500 
Boston Hassle, 42.3490895342, -71.1528760586, 2013-12-16T19:00:00-0500 
Boston Hassle, 42.3063480898, -71.1076025885, 2013-12-18T21:00:00-0500 
Boston Hassle, 42.3490895342, -71.1528760586, 2013-12-15T19:00:00-0500 
Boston Hassle, 42.3553499853, -71.1327550273, 2013-12-14T21:00:00-0500 
Boston Hassle, 42.3490895342, -71.1528760586, 2013-12-14T21:00:00-0500 
Boston Hassle, 42.3490895342, -71.1528760586, 2013-12-13T21:00:00-0500 
Boston Hassle, 42.3063480898, -71.1076025885, 2013-12-14T20:00:00-0500 
Boston Hassle, 42.3063407687, -71.1075747134, 2013-12-12T21:00:00-0500 
Boston Hassle, 42.3063480898, -71.1076025885, 2013-12-08T15:00:00-0500 
Boston Hassle, 42.3736395046, -71.1000108605, 2013-12-07T22:00:00-0500 
Boston Hassle, 42.3063480898, -71.1076025885, 2013-12-03T20:00:00-0500 
Boston Hassle, 42.3736395046, -71.1000108605, 2013-12-07T22:00:00-0500 
Boston Hassle, 42.3063480898, -71.1076025885, 2013-12-04T20:00:00-0500 
Boston Hassle, 42.3736395046, -71.1000108605, 2013-12-07T22:00:00-0500 
Boston Hassle, 42.3063480898, -71.1076025885, 2013-12-03T20:00:00-0500 
Boston Hassle, 42.3063498826, -71.1075636012, 2013-12-01 
Boston Hassle, 42.3063480898, -71.1076025885, 2013-11-30T21:00:00-0500 
Boston Hassle, 42.3553499853, -71.1327550273, 2013-12-14T21:00:00-0500 
Boston Hassle, 42.3063480898, -71.1076025885, 2013-11-30T21:00:00-0500 
Boston Hassle, 42.3063480898, -71.1076025885, 2013-11-29T21:00:00-0500 
Boston Hassle, 42.3063480898, -71.1076025885, 2013-11-24T20:00:00-0500 
Boston Hassle, 42.3063480898, -71.1076025885, 2013-11-23T20:00:00-0500 
Boston Hassle, 42.3063480898, -71.1076025885, 2013-11-23T16:00:00-0500 
Boston Hassle, 42.3736395046, -71.1000108605, 2013-11-24T22:00:00-0500 
Boston Hassle, 42.3553499853, -71.1327550273, 2013-11-21T20:00:00-0500 
Boston Hassle, 42.3063480898, -71.1076025885, 2013-11-22T20:30:00-0500 
Boston Hassle, 42.3063480898, -71.1076025885, 2013-11-18T20:00:00-0500 
Boston Hassle, 42.3063480898, -71.1076025885, 2013-11-16T20:00:00-0500 
Boston Hassle, 42.3063480898, -71.1076025885, 2013-11-15T21:30:00-0500 
Boston Hassle, 42.3684008264, -71.1088292776, 2013-11-15T22:00:00-0500 
Boston Hassle, 42.3736395046, -71.1000108605, 2013-11-24T22:00:00-0500 
Boston Hassle, 42.3061968867, -71.1078152178, 2013-11-12 
Boston Hassle, 42.3063480898, -71.1076025885, 2013-11-12T20:00:00-0500 
Boston Hassle, 42.3063498826, -71.1075636012, 2013-11-09T20:00:00-0500 
Boston Hassle, 42.3063480898, -71.1076025885, 2013-11-06T20:00:00-0500 
Boston Hassle, 42.3736395046, -71.1000108605, 2013-11-02T19:00:00-0400 
Boston Hassle, 42.3063480898, -71.1076025885, 2013-11-02T16:00:00-0400 
Boston Hassle, 42.3063480898, -71.1076025885, 2013-11-03T21:00:00-0500 
Boston Hassle, 42.3063498826, -71.1075636012, 2013-10-28T20:00:00-0400 
Boston Hassle, 42.3063480898, -71.1076025885, 2013-10-27T21:00:00-0400 
Boston Hassle, 42.3063480898, -71.1076025885, 2013-10-26T16:00:00-0400 
Boston Hassle, 42.3897128883, -71.1060242556, 2013-10-24T19:00:00-0400 
Boston Hassle, 42.373901, -71.235092, 2013-11-02 
Boston Hassle, 42.3736395046, -71.1000108605, 2013-11-02T22:00:00-0400 
Boston Hassle, 42.3063480898, -71.1076025885, 2013-10-22 
Boston Hassle, 42.3063480898, -71.1076025885, 2013-10-21T20:00:00-0400 
Boston Hassle, 42.3490895342, -71.1528760586, 2013-10-20T19:00:00-0400 
Boston Hassle, 42.3736395046, -71.1000108605, 2013-11-02T22:00:00-0400 
Boston Hassle, 42.3490895342, -71.1528760586, 2013-10-18T21:00:00-0400 
Boston Hassle, 42.3367758855, -71.1515868566, 2013-11-01T19:30:00-0400 
Boston Hassle, 42.3490895342, -71.1528760586, 2013-10-17T20:30:00-0400 
Boston Hassle, 42.3063480898, -71.1076025885, 2013-10-18T20:30:00-0400 
Boston Hassle, 42.3490895342, -71.1528760586, 2013-10-16T20:00:00-0400 
Boston Hassle, 42.3490895342, -71.1528760586, 2013-10-15T19:30:00-0400 
Boston Hassle, 42.3490895342, -71.1528760586, 2013-10-14T19:00:00-0400 
Boston Hassle, 42.3490895342, -71.1528760586, 2013-10-13T19:00:00-0400 
Boston Hassle, 42.3490895342, -71.1528760586, 2013-10-11T21:00:00-0400 
Boston Hassle, 42.3490895342, -71.1528760586, 2013-10-10T20:30:00-0400 
Boston Hassle, 42.3662084992, -71.1052187701, 2013-10-12T20:30:00-0400 
Boston Hassle, 42.3490895342, -71.1528760586, 2013-10-09T20:00:00-0400 
Boston Hassle, 42.3736395046, -71.1000108605, 2013-10-13T22:00:00-0400 
Boston Hassle, 42.3736395046, -71.1000108605, 2013-10-13T22:00:00-0400 
Boston Hassle, 42.3490895342, -71.1528760586, 2013-10-08T19:30:00-0400 
Boston Hassle, 42.3490895342, -71.1528760586, 2013-10-07T19:00:00-0400 
Boston Hassle, 42.3490895342, -71.1528760586, 2013-10-06T19:00:00-0400 
Boston Hassle, 42.3490895342, -71.1528760586, 2013-10-05T21:00:00-0400 
Boston Hassle, 42.3490895342, -71.1528760586, 2013-10-04T21:00:00-0400 
Boston Hassle, 42.3490895342, -71.1528760586, 2013-10-03T20:30:00-0400 
Boston Hassle, 42.3063480898, -71.1076025885, 2013-10-12T21:00:00-0400 
Boston Hassle, 42.3490895342, -71.1528760586, 2013-10-02T20:00:00-0400 
Boston Hassle, 42.3490895342, -71.1528760586, 2013-10-01T19:30:00-0400 
Boston Hassle, 42.3490895342, -71.1528760586, 2013-09-30T19:00:00-0400 
Boston Hassle, 42.3490895342, -71.1528760586, 2013-09-29T19:00:00-0400 
Boston Hassle, 42.3490895342, -71.1528760586, 2013-09-28T21:00:00-0400 
Boston Hassle, 42.3490895342, -71.1528760586, 2013-09-27T21:00:00-0400 
Boston Hassle, 42.3490895342, -71.1528760586, 2013-09-26T20:30:00-0400 
Boston Hassle, 42.3624934236, -71.09863923, 2013-10-02T22:00:00-0400 
Boston Hassle, 42.3490895342, -71.1528760586, 2013-09-24T19:30:00-0400 
Boston Hassle, 42.3490895342, -71.1528760586, 2013-09-23T19:00:00-0400 
Boston Hassle, 42.3562767042, -71.0556869556, 2013-09-22T19:30:00-0400 
Boston Hassle, 42.3490895342, -71.1528760586, 2013-09-21T21:00:00-0400 
Boston Hassle, 42.3490895342, -71.1528760586, 2013-09-19T20:30:00-0400 
Boston Hassle, 42.3490895342, -71.1528760586, 2013-09-18T20:00:00-0400 
Boston Hassle, 42.3490895342, -71.1528760586, 2013-09-17T19:30:00-0400 
Boston Hassle, 42.3490895342, -71.1528760586, 2013-09-16T20:00:00-0400 
Boston Hassle, 42.3490895342, -71.1528760586, 2013-09-14T21:00:00-0400 
Boston Hassle, 42.3490895342, -71.1528760586, 2013-09-13T21:00:00-0400 
Boston Hassle, 42.365994, -71.105008, 2013-09-12T20:00:00-0400 
Boston Hassle, 42.3490895342, -71.1528760586, 2013-09-12T20:30:00-0400 
Boston Hassle, 42.3648773125, -71.1003825582, 2013-09-14T19:30:00-0400 
Boston Hassle, 42.3662084992, -71.1052187701, 2013-10-12T20:30:00-0400 
Boston Hassle, 42.3490895342, -71.1528760586, 2013-09-10T19:30:00-0400 
Boston Hassle, 42.3490895342, -71.1528760586, 2013-09-07T21:00:00-0400 
Boston Hassle, 42.3736395046, -71.1000108605, 2013-09-07T22:00:00-0400 
Boston Hassle, 42.3490895342, -71.1528760586, 2013-09-03T19:30:00-0400 
Boston Hassle, 42.3490895342, -71.1528760586, 2013-08-31T21:00:00-0400 
Boston Hassle, 42.3736395046, -71.1000108605, 2013-09-07T22:00:00-0400 
Boston Hassle, 42.3063480898, -71.1076025885, 2013-08-30T20:00:00-0400 
Boston Hassle, 42.3897128883, -71.1060242556, 2013-08-30T17:30:00-0400 
Boston Hassle, 42.3490895342, -71.1528760586, 2013-08-28T20:00:00-0400 
Boston Hassle, 42.3724740216, -71.1217062874, 2013-08-26 
Boston Hassle, 42.3490895342, -71.1528760586, 2013-08-26T20:00:00-0400 
Boston Hassle, 42.3367758855, -71.1515868566, 2013-08-25T20:00:00-0400 
Boston Hassle, 42.351072876, -71.1381154548, 2013-08-24T11:00:00-0400 
Boston Hassle, 42.3367758855, -71.1515868566, 2013-08-24T20:00:00-0400 
Boston Hassle, 42.3367758855, -71.1515868566, 2013-08-24T20:00:00-0400 
Boston Hassle, 42.3639569237, -71.1013460128, 2013-08-21T22:00:00-0400 
Boston Hassle, 42.3367758855, -71.1515868566, 2013-08-20T20:00:00-0400 
Boston Hassle, 42.3490895342, -71.1528760586, 2013-08-20T19:30:00-0400 
Boston Hassle, 42.3648773125, -71.1003825582, 2013-09-14T19:30:00-0400 
Boston Hassle, 42.3367758855, -71.1515868566, 2013-08-20T20:00:00-0400 
Boston Hassle, 42.3724740216, -71.1217062874, 2013-08-19T20:00:00-0400 
Boston Hassle, 42.3367758855, -71.1515868566, 2013-08-25T20:00:00-0400 
Boston Hassle, 42.353426957, -71.0591561775, 2013-08-23T22:00:00-0400 
Boston Hassle, 42.3367758855, -71.1515868566, 2013-08-15T20:30:00-0400 
Boston Hassle, 42.3063480898, -71.1076025885, 2013-08-30T20:00:00-0400 
Boston Hassle, 42.3624934236, -71.09863923, 2013-08-07T22:00:00-0400 
Boston Hassle, 42.3367758855, -71.1515868566, 2013-08-15T20:30:00-0400 
Boston Hassle, 42.3490895342, -71.1528760586, 2013-08-06T19:30:00-0400 
Boston Hassle, 42.3724740216, -71.1217062874, 2013-08-05T21:00:00-0400 
Boston Hassle, 42.3736395046, -71.1000108605, 2013-08-03T22:00:00-0400 
Boston Hassle, 42.3736395046, -71.1000108605, 2013-08-03T22:00:00-0400 
Boston Hassle, 42.3736395046, -71.1000108605, 2013-08-03T22:00:00-0400 
Boston Hassle, 42.3367758855, -71.1515868566, 2013-08-24T20:00:00-0400 
Boston Hassle, 42.3501215142, -71.1307893762, 2013-07-23T21:00:00-0400 
Boston Hassle, 42.3367758855, -71.1515868566, 2013-08-20T20:00:00-0400 
Boston Hassle, 42.3736395046, -71.1000108605, 2013-08-03T22:00:00-0400 
Boston Hassle, 42.3636033328, -71.1017284219, 2013-07-25T21:00:00-0400 
Boston Hassle, 42.3736395046, -71.1000108605, 2013-07-26T22:00:00-0400 
Boston Hassle, 42.3551867435, -71.1325625618, 2013-07-24T20:00:00-0400 
Boston Hassle, 42.371257, -71.097175, 2013-07-13T21:00:00-0400 
Boston Hassle, 42.3367758855, -71.1515868566, 2013-07-12T20:00:00-0400 
Boston Hassle, 42.3736395046, -71.1000108605, 2013-07-11T22:00:00-0400 
Boston Hassle, 42.3736395046, -71.1000108605, 2013-07-06T22:00:00-0400 
Boston Hassle, 42.3736395046, -71.1000108605, 2013-07-06T22:00:00-0400 
Boston Hassle, 42.3624934236, -71.09863923, 2013-07-03T22:00:00-0400 
Boston Hassle, 42.3736395046, -71.1000108605, 2013-07-06T22:00:00-0400 
Boston Hassle, 42.3626071693, -71.0990304814, 2013-06-30T15:00:00-0400 
Boston Hassle, 42.3807636647, -71.0983391804, 2013-06-26T20:30:00-0400 
Boston Hassle, 42.3807636647, -71.0983391804, 2013-06-26T20:30:00-0400 
Boston Hassle, 42.3501215142, -71.1307893762, 2013-07-23T21:00:00-0400 
Boston Hassle, 42.3736395046, -71.1000108605, 2013-07-11T22:00:00-0400 
Boston Hassle, 42.3736395046, -71.1000108605, 2013-06-16T18:00:00-0400 
Boston Hassle, 42.3736395046, -71.1000108605, 2013-06-16T18:00:00-0400 
Boston Hassle, 42.3490895342, -71.1528760586, 2013-06-13T20:30:00-0400 
Boston Hassle, 42.3553499853, -71.1327550273, 2013-06-12T20:00:00-0400 
Boston Hassle, 42.3736395046, -71.1000108605, 2013-06-16T18:00:00-0400 
Boston Hassle, 42.3367758855, -71.1515868566, 2013-07-12T20:00:00-0400 
Boston Hassle, 42.3624934236, -71.09863923, 2013-06-05T22:00:00-0400 
Boston Hassle, 42.3684008264, -71.1088292776, 2013-07-12T21:00:00-0400 
Boston Hassle, 42.3501215142, -71.1307893762, 2013-06-05T21:00:00-0400 
Boston Hassle, 42.3624934236, -71.09863923, 2013-06-05T22:00:00-0400 
Boston Hassle, 42.3501215142, -71.1307893762, 2013-06-05T21:00:00-0400 
Boston Hassle, 42.3807636647, -71.0983391804, 2013-06-26T20:30:00-0400 
Boston Hassle, 42.3501215142, -71.1307893762, 2013-06-05T21:00:00-0400 
Boston Hassle, 42.3736395046, -71.1000108605, 2013-06-01T22:00:00-0400 
Boston Hassle, 42.3736395046, -71.1000108605, 2013-06-01T22:00:00-0400 
Boston Hassle, 42.305196, -71.11445, 2013-05-30T18:00:00-0400 
Boston Hassle, 42.3807636647, -71.0983391804, 2013-05-30T20:00:00-0400 
Boston Hassle, 42.3553499853, -71.1327550273, 2013-05-21T21:00:00-0400 
Boston Hassle, 42.3063480898, -71.1076025885, 2013-06-18T20:00:00-0400 
Boston Hassle, 42.3736395046, -71.1000108605, 2013-06-01T22:00:00-0400 
Boston Hassle, 42.305196, -71.11445, 2013-05-12T20:00:00-0400 
Boston Hassle, 42.305196, -71.11445, 2013-05-12T20:00:00-0400 
Boston Hassle, 42.3490895342, -71.1528760586, 2013-05-10T21:00:00-0400 
Boston Hassle, 42.305196, -71.11445, 2013-05-12T20:00:00-0400 
Boston Hassle, 42.3501215142, -71.1307893762, 2013-06-05T21:00:00-0400 
Boston Hassle, 42.3553499853, -71.1327550273, 2013-05-20T21:00:00-0400 
Boston Hassle, 42.3736395046, -71.1000108605, 2013-05-04T22:00:00-0400 
Boston Hassle, 42.3736395046, -71.1000108605, 2013-05-04T22:00:00-0400 
Boston Hassle, 42.371298266, -71.1162388478, 2013-05-03T19:00:00-0400 
Boston Hassle, 42.305196, -71.11445, 2013-04-28T21:00:00-0400 
Boston Hassle, 42.3648773125, -71.1003825582, 2013-05-05T18:00:00-0400 
Boston Hassle, 42.3736395046, -71.1000108605, 2013-05-04T22:00:00-0400 
Boston Hassle, 42.3807636647, -71.0983391804, 2013-05-30T20:00:00-0400 
Boston Hassle, 42.3553499853, -71.1327550273, 2013-05-21T21:00:00-0400 
Boston Hassle, 42.3736395046, -71.1000108605, 2013-05-04T22:00:00-0400 
Boston Hassle, 42.3781967117, -71.0946327601, 2013-04-19T20:00:00-0400 
Boston Hassle, 42.3490895342, -71.1528760586, 2013-04-18T20:30:00-0400 
Boston Hassle, 42.3638680574, -71.1014775668, 2013-04-18T20:00:00-0400 
Boston Hassle, 42.3553499853, -71.1327550273, 2013-04-14T17:00:00-0400 
Boston Hassle, 42.3553499853, -71.1327550273, 2013-04-14T17:00:00-0400 
Boston Hassle, 42.3553499853, -71.1327550273, 2013-04-14T17:00:00-0400 
Boston Hassle, 42.3736395046, -71.1000108605, 2013-04-13T22:00:00-0400 
Boston Hassle, 42.3553499853, -71.1327550273, 2013-04-14T17:00:00-0400 
Boston Hassle, 42.3553499853, -71.1327550273, 2013-04-09T20:00:00-0400 
Boston Hassle, 42.3490895342, -71.1528760586, 2013-04-09T20:00:00-0400 
Boston Hassle, 42.3553499853, -71.1327550273, 2013-04-09T20:00:00-0400 
Boston Hassle, 42.3553499853, -71.1327550273, 2013-04-14T17:00:00-0400 
Boston Hassle, 42.3553499853, -71.1327550273, 2013-04-14T17:00:00-0400 
Boston Hassle, 42.3736395046, -71.1000108605, 2013-04-06T22:00:00-0400 
Boston Hassle, 42.371298266, -71.1162388478, 2013-05-03T19:00:00-0400 
Boston Hassle, 42.3736395046, -71.1000108605, 2013-04-06T22:00:00-0400 
Boston Hassle, 42.3501215142, -71.1307893762, 2013-04-01T21:00:00-0400 
Boston Hassle, 42.3624934236, -71.09863923, 2013-04-03T22:00:00-0400 
Boston Hassle, 42.3736395046, -71.1000108605, 2013-04-13T22:00:00-0400 
Boston Hassle, 42.3553499853, -71.1327550273, 2013-05-20T21:00:00-0400 
Boston Hassle, 42.3553499853, -71.1327550273, 2013-05-20T21:00:00-0400 
Boston Hassle, 42.3501215142, -71.1307893762, 2013-04-01T21:00:00-0400 
Boston Hassle, 42.3553499853, -71.1327550273, 2013-03-15T20:00:00-0400 
Boston Hassle, 42.3638680574, -71.1014775668, 2013-04-18T20:00:00-0400 
Boston Hassle, 42.3736395046, -71.1000108605, 2013-04-13T22:00:00-0400 
Boston Hassle, 42.3553499853, -71.1327550273, 2013-04-09T20:00:00-0400 
Boston Hassle, 42.3501215142, -71.1307893762, 2013-04-01T21:00:00-0400 
Boston Hassle, 42.3490895342, -71.1528760586, 2013-03-14T20:30:00-0400 
Boston Hassle, 42.3638680574, -71.1014775668, 2013-03-12T20:00:00-0400 
Boston Hassle, 42.3553499853, -71.1327550273, 2013-04-14T17:00:00-0400 
Boston Hassle, 42.3736395046, -71.1000108605, 2013-03-08T22:00:00-0500 
Boston Hassle, 42.3737166305, -71.1004892343, 2013-03-08T19:30:00-0500 
Boston Hassle, 42.3490895342, -71.1528760586, 2013-03-07T20:30:00-0500 
Boston Hassle, 42.3638680574, -71.1014775668, 2013-03-12T20:00:00-0400 
Boston Hassle, 42.3624934236, -71.09863923, 2013-03-06T22:00:00-0500 
Boston Hassle, 42.3736395046, -71.1000108605, 2013-03-08T22:00:00-0500 
Boston Hassle, 42.3736395046, -71.1000108605, 2013-03-02T22:00:00-0500 
Boston Hassle, 42.3736395046, -71.1000108605, 2013-04-06T22:00:00-0400 
Boston Hassle, 42.3736395046, -71.1000108605, 2013-03-02T22:00:00-0500 
Boston Hassle, 42.3736395046, -71.1000108605, 2013-03-02T22:00:00-0500 
Boston Hassle, 42.3501215142, -71.1307893762, 2013-03-19T21:00:00-0400 
Boston Hassle, 42.3553499853, -71.1327550273, 2013-02-15T19:00:00-0600 
Boston Hassle, 42.3736395046, -71.1000108605, 2013-02-09T22:00:00-0500 
Boston Hassle, 42.3736395046, -71.1000108605, 2013-02-09T22:00:00-0500 
Boston Hassle, 42.3624934236, -71.09863923, 2013-02-06T22:00:00-0500 
Boston Hassle, 42.3736395046, -71.1000108605, 2013-02-09T22:00:00-0500 
Boston Hassle, 42.3823055527, -71.0793671383, 2013-02-02T21:30:00-0500 
Boston Hassle, 42.3490895342, -71.1528760586, 2013-01-30T20:00:00-0500 
Boston Hassle, 42.3736395046, -71.1000108605, 2013-02-09T22:00:00-0500 
Boston Hassle, 42.3736395046, -71.1000108605, 2013-03-02T22:00:00-0500 
Boston Hassle, 42.3736395046, -71.1000108605, 2013-02-09T22:00:00-0500 
Boston Hassle, 42.3648773125, -71.1003825582, 2013-01-25 
Boston Hassle, 42.3638680574, -71.1014775668, 2013-01-20T20:00:00-0500 
Boston Hassle, 42.3626071693, -71.0990304814, 2013-01-15T21:00:00-0500 
Boston Hassle, 42.3450696106, -71.0958704895, 2013-01-15T22:00:00-0500 
Boston Hassle, 42.3490895342, -71.1528760586, 2013-01-25T21:00:00-0500 
Boston Hassle, 42.3450696106, -71.0958704895, 2013-01-15T22:00:00-0500 
Boston Hassle, 42.3624934236, -71.09863923, 2013-01-02T22:00:00-0500 
Boston Hassle, 42.3560237181, -71.1325366598, 2012-12-31T20:30:00-0500 
Boston Hassle, 42.3476462067, -71.0836835891, 2012-12-31T19:30:00-0500 
Boston Hassle, 42.37381, -71.10009, 2012-12-22T22:00:00-0500 
Boston Hassle, 42.37381, -71.10009, 2012-12-22T22:00:00-0500 
Boston Hassle, 42.3063480898, -71.1076025885, 2012-12-11T20:00:00-0500 
Boston Hassle, 42.3624934236, -71.09863923, 2012-12-05T22:00:00-0500 
Boston Hassle, 42.3684008264, -71.1088292776, 2012-12-05T22:00:00-0500 
Boston Hassle, 42.3553499853, -71.1327550273, 2012-12-02T20:00:00-0500 
Boston Hassle, 42.3501215142, -71.1307893762, 2012-12-05T21:00:00-0500 
Boston Hassle, 42.3063480898, -71.1076025885, 2012-12-11T20:00:00-0500 
Boston Hassle, 42.37381, -71.10009, 2012-12-22T22:00:00-0500 
Boston Hassle, 42.3501215142, -71.1307893762, 2012-12-05T21:00:00-0500 
Boston Hassle, 42.3553499853, -71.1327550273, 2012-12-02T20:00:00-0500 
Boston Hassle, 42.3529204582, -71.1325774584, 2012-11-30T20:00:00-0500 
Boston Hassle, 42.3553499853, -71.1327550273, 2012-11-13T21:00:00-0500 
Boston Hassle, 42.335164828, -72.6732517338, 2012-11-11T20:30:00-0500 
Boston Hassle, 42.3529204582, -71.1325774584, 2012-11-30T20:00:00-0500 
Boston Hassle, 42.335164828, -72.6732517338, 2012-11-11T20:30:00-0500 
Boston Hassle, 42.3501215142, -71.1307893762, 2012-11-12T21:00:00-0500 
Boston Hassle, 42.3582874046, -71.1095876937, 2012-11-08T19:30:00-0500 
Boston Hassle, 42.3648773125, -71.1003825582, 2012-11-02T17:00:00-0400 
Boston Hassle, 42.3648773125, -71.1003825582, 2012-11-02T17:00:00-0400 
Boston Hassle, 42.3648773125, -71.1003825582, 2012-11-02T17:00:00-0400 
Boston Hassle, 42.3501215142, -71.1307893762, 2012-11-01T21:00:00-0400 
Boston Hassle, 42.3736395046, -71.1000108605, 2012-10-21T20:30:00-0400 
Boston Hassle, 42.3490895342, -71.1528760586, 2012-10-26T11:00:00-0400 
Boston Hassle, 42.3426496154, -71.1224303428, 2012-10-27T23:50:00-0400 
Boston Hassle, 42.3553499853, -71.1327550273, 2012-10-13T21:00:00-0400 
Boston Hassle, 42.3063480898, -71.1076025885, 2012-10-03T20:00:00-0400 
Boston Hassle, 42.3636033328, -71.1017284219, 2012-10-01T20:00:00-0400 
Boston Hassle, 42.3636033328, -71.1017284219, 2012-10-01T20:00:00-0400 
Boston Hassle, 42.3636033328, -71.1017284219, 2012-10-01T20:00:00-0400 
Boston Hassle, 42.3648773125, -71.1003825582, 2012-11-02T17:00:00-0400 
Boston Hassle, 42.3648773125, -71.1003825582, 2012-11-02T17:00:00-0400 
Boston Hassle, 42.3636033328, -71.1017284219, 2012-10-01T20:00:00-0400 
Boston Hassle, 42.3636033328, -71.1017284219, 2012-10-01T20:00:00-0400 
Boston Hassle, 42.3807793371, -71.0983668767, 2012-09-21T21:05:00-0400 
Boston Hassle, 42.3807793371, -71.0983668767, 2012-09-21T21:05:00-0400 
Boston Hassle, 40.705932, -73.937247, 2012-09-19T20:30:00-0400 
Boston Hassle, 42.3807793371, -71.0983668767, 2012-09-21T21:05:00-0400 
Boston Hassle, 42.3121967252, -71.1134941605, 2012-09-14T20:00:00-0400 
Boston Hassle, 42.3501215142, -71.1307893762, 2012-09-09T21:00:00-0400 
Boston Hassle, 42.3501215142, -71.1307893762, 2012-09-09T21:00:00-0400 
Boston Hassle, 42.3807636647, -71.0983391804, 2012-08-25T21:00:00-0400 
Boston Hassle, 42.3807636647, -71.0983391804, 2012-08-25T21:00:00-0400 
Boston Hassle, 42.3807636647, -71.0983391804, 2012-08-25T21:00:00-0400 
Boston Hassle, 42.3807636647, -71.0983391804, 2012-08-25T21:00:00-0400 
Boston Hassle, 42.3553499853, -71.1327550273, 2012-08-13T20:30:00-0400 
Boston Hassle, 42.3636033328, -71.1017284219, 2012-08-06T21:00:00-0400 
Boston Hassle, 42.3636033328, -71.1017284219, 2012-08-06T21:00:00-0400 
Boston Hassle, 42.3553499853, -71.1327550273, 2012-08-03T21:00:00-0400 
Boston Hassle, 42.3553499853, -71.1327550273, 2012-08-03T21:00:00-0400 
Boston Hassle, 42.3636033328, -71.1017284219, 2012-08-06T21:00:00-0400 
Boston Hassle, 42.3636033328, -71.1017284219, 2012-08-06T21:00:00-0400 
Boston Hassle, 42.3636033328, -71.1017284219, 2012-08-06T21:00:00-0400 
Boston Hassle, 42.3807636647, -71.0983391804, 2012-07-18T20:00:00-0400 
Boston Hassle, 40.7208897882, -73.9879513803, 2012-06-29T20:00:00-0400 
Boston Hassle, 42.3553499853, -71.1327550273, 2012-06-28T21:00:00-0400 
Boston Hassle, 42.3553499853, -71.1327550273, 2012-06-28T21:00:00-0400 
Boston Hassle, 42.3553499853, -71.1327550273, 2012-06-28T21:00:00-0400 
Boston Hassle, 42.3553499853, -71.1327550273, 2012-06-23T21:00:00-0400 
Boston Hassle, 42.3063480898, -71.1076025885, 2012-07-08T16:00:00-0400 
Boston Hassle, 42.31012609, -71.1151978507, 2012-06-22T20:00:00-0400 
Boston Hassle, 42.3490895342, -71.1528760586, 2012-06-22T21:00:00-0400 
Boston Hassle, 42.3499613291, -71.0675047082, 2012-06-11T22:00:00-0400 
Boston Hassle, 42.3624934236, -71.09863923, 2012-05-30T08:00:00-0500 
Boston Hassle, 42.3553499853, -71.1327550273, 2012-06-28T21:00:00-0400 
Boston Hassle, 42.3639296727, -71.1012908006, 2012-05-10T22:00:00-0400 
Boston Hassle, 42.3553499853, -71.1327550273, 2012-06-28T21:00:00-0400 
Boston Hassle, 42.3501215142, -71.1307893762, 2012-05-30T21:00:00-0400 
Boston Hassle, 42.3677496206, -71.1020795729, 2012-05-19T18:30:00-0400 
